area,tag,count
1,4#16,415
1,1#10,498
1,24,2324
1,25,1245
1,20,26394
1,22,1162
1,23,747
1,4,7387
1,8,166
1,5#3,2075
1,5#1,4648
1,8#2,7553
1,8#3,1743
1,8#4,2075
1,1#2,1909
1,1#1,498
1,1#6,83
1,1#5,8051
1,1#4,83
1,1#8,4814
1,14#10,498
1,4#1,830
1,7,6557
1,15#7,1826
1,15#6,2573
1,15#4,83
1,15#3,2822
1,15#2,1743
1,4#8,415
1,4#9,1577
1,4#6,415
1,4#7,249
1,4#5,3320
1,4#2,3486
1,4#3,1162
1,15#8,83
1,16#3,332
1,16#4,7221
1,16#5,166
1,17#1,83
1,16#9,249
1,17#3,83
1,17#2,12201
1,17#5,6225
1,17#4,3984
1,11#8,40836
1,13#8,6474
1,11#3,8798
1,13#4,36603
1,11#1,332
1,13#6,83
1,11#7,3901
1,11#6,18426
1,11#5,1577
1,11#4,43243
1,19#3,20418
1,19#2,332
1,19#1,830
1,19#4,3154
1,14#7,166
1,14#3,415
1,6,26145
1,4#10,2573
1,4#11,1494
1,4#13,1660
1,4#14,3154
1,1#11,3984
1,4#17,1328
1,4#18,996
1,3#1,1411
1,3#3,166
1,3#2,332
1,11,17347
1,15,3652
1,14,332
1,17,1411
1,16,5478
1,19,52041
1,6#1,3984
1,6#2,664
1,6#3,1660
1,6#4,83
1,2#12,12616
1,2#13,6640
1,2#10,1577
1,2#11,166
1,20#7,5893
1,20#6,664
1,20#5,3071
1,20#4,6889
1,20#2,4648
1,20#1,9296
1,16#12,3071
1,16#10,8134
1,16#11,6474
1,20#9,83
1,20#8,44073
1,23#2,166
1,23#3,415
1,23#5,581
1,22#1,1162
1,22#3,83
1,22#2,1660
1,22#5,83
1,22#4,913
1,22#6,166
1,25#8,1079
1,25#9,3984
1,25#2,83
1,25#1,83
1,25#6,166
1,25#7,1411
1,1,2739
1,5,83
1,24#3,1245
1,24#2,2905
1,24#1,59179
1,13#5,83
1,11#2,4731
1,2#8,83
1,2#4,83
1,2#5,332
1,2#6,2241
1,2#7,664
1,2#1,166
1,2#2,5229
1,2#3,747
2,4#16,166
2,24,83
2,25,581
2,20,24153
2,22,1411
2,23,166
2,4,3403
2,8,996
2,5#3,747
2,5#1,1079
2,8#2,3403
2,8#3,1826
2,8#1,166
2,8#4,2656
2,8#5,664
2,1#2,913
2,1#1,83
2,1#6,166
2,1#5,5644
2,1#4,83
2,1#8,747
2,14#10,166
2,3,83
2,7,4150
2,15#7,996
2,15#6,3735
2,15#4,83
2,15#3,6723
2,15#2,3071
2,4#8,249
2,4#9,581
2,4#6,332
2,4#7,332
2,4#4,83
2,4#5,1245
2,4#2,1328
2,4#3,498
2,4#1,166
2,16#1,166
2,16#3,498
2,16#4,1494
2,16#8,83
2,17#3,83
2,17#2,5810
2,17#5,5312
2,17#4,1494
2,11#8,21912
2,13#8,83
2,13#5,249
2,11#2,2573
2,11#1,664
2,11#7,1162
2,11#6,4316
2,11#5,498
2,11#4,15189
2,19#3,11703
2,19#2,332
2,19#1,1992
2,14#6,166
2,14#7,166
2,14#3,166
2,6,18841
2,14#8,83
2,4#10,1079
2,4#11,1743
2,4#13,1245
2,4#14,1826
2,1#11,2324
2,4#17,664
2,4#18,581
2,3#1,1660
2,3#2,83
2,11,3984
2,15,3320
2,14,83
2,17,1162
2,16,8134
2,19,26892
2,6#1,415
2,6#2,581
2,6#3,166
2,6#4,166
2,2#12,747
2,2#13,332
2,2#10,1909
2,2#11,498
2,20#7,8715
2,20#6,664
2,20#5,2573
2,20#4,5561
2,20#2,2075
2,20#1,5063
2,16#12,415
2,16#10,1577
2,16#11,249
2,20#8,52124
2,23#2,83
2,23#3,83
2,23#4,166
2,23#5,166
2,23#6,83
2,22#1,498
2,22#3,830
2,22#2,1660
2,22#5,747
2,22#4,1909
2,25#8,1162
2,25#9,2988
2,25#2,83
2,25#3,415
2,25#6,581
2,25#7,3486
2,25#5,83
2,1,1245
2,5,83
2,24#2,1328
2,24#1,7553
2,11#3,747
2,13#4,6640
2,2#4,166
2,2#5,249
2,2#6,747
2,2#7,83
2,2#2,2739
2,2#3,166
2,21#2,166
3,20#7,830
3,20#4,166
3,20#2,166
3,20#1,1577
3,16#12,166
3,16#10,249
3,16#11,166
3,7#1,83
3,4#11,83
3,20#8,498
3,16#8,166
3,22#2,166
3,22#5,332
3,22#4,166
3,25,249
3,14#6,498
3,19#3,830
3,19#2,166
3,19#1,332
3,25#9,498
3,20,166
3,22,332
3,19#4,166
3,25#7,83
3,25#5,166
3,1,83
3,4,249
3,7,2158
3,6,498
3,24#1,332
3,14#3,166
3,15#7,166
3,15#6,249
3,15#4,249
3,15#3,498
3,15#2,249
3,4#9,166
3,4#6,83
3,4#14,166
3,4#2,415
3,8#2,83
3,11#3,83
3,4#12,332
3,16#3,166
3,16#4,747
3,2#10,166
3,8#4,83
3,11#2,83
3,4#18,249
3,17#2,83
3,3#1,1660
3,14,166
3,11,166
3,1#2,83
3,7#2,83
3,15,498
3,1#6,332
3,1#5,166
3,16,498
3,19,6308
3,2#5,332
3,2#6,83
3,2#2,166
3,11#6,83
3,1#11,83
3,11#8,1909
3,21#2,415
3,13#8,830
3,13#5,166
3,13#4,83
3,11#1,166
3,13#6,249
3,11#7,83
3,1#9,83
3,11#5,83
3,11#4,249
4,4#16,249
4,1#10,83
4,24,581
4,25,747
4,20,11122
4,22,830
4,23,83
4,4,2739
4,5#3,498
4,5#1,664
4,8#2,1577
4,8#3,249
4,8#4,1162
4,8#5,83
4,1#2,415
4,1#1,83
4,1#5,2573
4,1#4,166
4,1#8,913
4,14#10,249
4,7,4565
4,15#7,332
4,15#6,747
4,15#3,2407
4,15#2,830
4,4#8,166
4,4#9,415
4,4#6,166
4,4#7,415
4,4#5,913
4,4#2,664
4,4#3,332
4,4#1,166
4,16#2,166
4,16#4,2075
4,16#8,332
4,17#3,83
4,17#2,2158
4,17#5,2075
4,17#4,332
4,7#2,166
4,11#8,11786
4,13#8,415
4,11#3,1826
4,13#4,2822
4,11#1,498
4,13#6,332
4,11#7,996
4,11#6,4067
4,11#5,249
4,11#4,6640
4,19#3,4648
4,19#2,249
4,19#1,1328
4,19#4,1245
4,14#6,415
4,14#7,1328
4,14#2,83
4,14#3,83
4,6,2822
4,14#8,83
4,14#9,996
4,4#10,664
4,4#11,332
4,4#13,581
4,4#14,1162
4,1#11,1162
4,4#17,1079
4,4#18,996
4,3#1,3071
4,3#3,249
4,11,3237
4,12,83
4,15,1245
4,14,581
4,17,498
4,16,1494
4,19,21995
4,6#1,581
4,6#2,249
4,6#4,83
4,2#12,830
4,2#13,166
4,2#10,747
4,20#7,7553
4,20#6,249
4,20#5,913
4,20#4,3071
4,20#2,1328
4,20#1,4482
4,16#12,2656
4,16#10,3403
4,16#11,1328
4,20#8,17596
4,23#1,83
4,23#3,332
4,23#4,83
4,23#5,415
4,22#1,166
4,22#3,249
4,22#2,498
4,22#5,166
4,22#4,664
4,25#8,747
4,25#9,1743
4,25#6,83
4,25#7,166
4,1,332
4,24#2,1079
4,24#1,5063
4,13#5,415
4,11#2,1826
4,2#5,332
4,2#6,166
4,2#7,166
4,2#2,1743
4,2#3,83
4,21#2,83
5,20#7,581
5,20#5,166
5,20#4,83
5,8#4,332
5,20#1,332
5,16#12,332
5,16#10,249
5,16#11,166
5,20#8,913
5,16#8,83
5,23#5,83
5,1,83
5,22#2,166
5,22#4,166
5,19#3,664
5,19#2,249
5,19#1,249
5,25#9,166
5,20,415
5,19#4,332
5,17#5,166
5,25#7,166
5,14#6,83
5,14#7,83
5,6#3,83
5,14#2,83
5,4,664
5,7,830
5,6,166
5,24#1,166
5,14#3,83
5,15#7,249
5,11,83
5,15#4,166
5,15#3,747
5,15#2,83
5,5#1,83
5,25,83
5,4#5,166
5,4#2,249
5,4#14,166
5,8#2,249
5,8#3,83
5,16#3,166
5,16#4,415
5,17,83
5,4#16,166
5,13#4,166
5,4#18,415
5,2#7,83
5,17#2,166
5,3#1,1328
5,3#3,83
5,1#3,83
5,2#6,83
5,15,332
5,1#6,415
5,1#5,249
5,16,332
5,19,5478
5,11#7,83
5,1#9,83
5,1#4,83
5,2#2,581
5,2#13,83
5,1#11,83
5,11#8,1909
5,21#2,664
5,2#5,83
5,11#2,913
5,11#1,1909
5,2#12,83
5,11#6,249
5,2#10,83
5,11#4,166
6,4#16,83
6,24,249
6,25,249
6,20,1245
6,22,498
6,23,83
6,4,664
6,5#3,332
6,5#1,747
6,8#2,913
6,8#3,166
6,8#4,83
6,1#2,498
6,1#5,664
6,1#4,83
6,1#9,83
6,1#8,1079
6,7,1328
6,15#7,166
6,15#6,249
6,15#4,83
6,15#3,747
6,15#2,249
6,4#8,83
6,4#9,83
6,4#6,83
6,4#5,415
6,4#2,581
6,4#3,332
6,4#1,83
6,16#3,83
6,16#4,1660
6,16#8,83
6,17#2,1992
6,17#5,498
6,17#4,166
6,11#8,11122
6,13#5,83
6,11#2,1079
6,11#1,249
6,13#6,83
6,11#7,1411
6,11#6,4648
6,11#5,249
6,11#4,15106
6,19#3,830
6,19#2,249
6,19#1,166
6,19#4,249
6,14#6,166
6,14#7,83
6,14#2,83
6,14#3,166
6,6,6225
6,4#10,249
6,4#11,415
6,4#12,83
6,4#13,415
6,4#14,332
6,1#11,1162
6,4#17,83
6,4#18,996
6,3#1,1992
6,11,3071
6,15,747
6,14,166
6,17,83
6,16,166
6,19,5229
6,6#1,166
6,6#2,830
6,2#12,3403
6,2#13,2075
6,2#10,415
6,20#7,913
6,20#6,83
6,20#5,498
6,20#4,1079
6,20#2,498
6,20#1,3071
6,16#12,415
6,16#10,830
6,16#11,1743
6,20#8,3569
6,23#5,83
6,22#2,498
6,22#4,249
6,22#6,83
6,25#8,83
6,25#9,1079
6,25#7,332
6,24#2,166
6,24#1,2490
6,11#3,1660
6,13#4,3320
6,2#6,1328
6,2#7,166
6,2#2,581
6,2#3,332
6,21#2,83
7,1#11,1577
7,1#10,83
7,24,1494
7,25,2988
7,20,13114
7,22,1328
7,23,5063
7,4,13363
7,8,1162
7,5#3,3486
7,5#1,8549
7,8#2,10624
7,8#3,14691
7,8#1,166
7,8#4,7470
7,8#5,83
7,1#3,996
7,1#2,1660
7,1#1,166
7,1#7,332
7,1#5,8715
7,1#4,664
7,1#9,249
7,1#8,3984
7,14#10,332
7,15#1,83
7,7,7221
7,15#7,2490
7,15#6,6225
7,15#4,415
7,15#3,10458
7,15#2,8217
7,4#8,249
7,4#9,3652
7,4#6,1411
7,4#7,2988
7,4#4,83
7,4#5,2739
7,4#2,3237
7,4#3,747
7,4#1,332
7,16#1,83
7,16#2,166
7,16#3,415
7,16#4,5976
7,17#3,249
7,17#2,7304
7,17#5,9960
7,17#4,1660
7,11#8,41832
7,13#8,17015
7,11#3,9545
7,11#2,10956
7,11#1,7968
7,11#7,3818
7,11#6,11371
7,11#5,8300
7,11#4,41334
7,19#3,134460
7,19#2,415
7,19#1,996
7,19#4,2241
7,15#8,83
7,14#6,3735
7,14#7,26311
7,14#4,83
7,14#3,830
7,6,20418
7,14#8,747
7,14#9,1245
7,14#1,249
7,4#10,5727
7,4#11,2158
7,4#12,166
7,4#13,1992
7,4#14,2158
7,4#16,498
7,4#17,4233
7,4#18,2656
7,3#1,1411
7,3#3,415
7,3#2,249
7,11,10873
7,15,10292
7,14,5478
7,17,996
7,16,6308
7,19,151641
7,6#1,2241
7,6#2,3984
7,6#3,83
7,6#4,1079
7,2#12,15106
7,2#13,5395
7,2#10,1162
7,2#11,332
7,20#7,8383
7,20#6,332
7,20#5,3071
7,20#4,10956
7,20#2,6806
7,20#1,6391
7,16#12,2822
7,16#10,25481
7,16#11,6806
7,20#8,34611
7,23#1,1162
7,23#2,249
7,23#3,1494
7,23#4,498
7,23#5,747
7,23#6,1494
7,22#1,1162
7,22#3,249
7,22#2,664
7,22#5,1660
7,22#4,1577
7,25#8,1660
7,25#9,2739
7,25#2,498
7,25#3,1079
7,25#1,249
7,25#6,830
7,25#7,1992
7,25#4,83
7,25#5,166
7,1,3735
7,5,332
7,24#3,2988
7,24#2,14691
7,24#1,184011
7,13#4,50713
7,2#8,166
7,2#4,83
7,2#5,913
7,2#6,18094
7,2#7,664
7,2#1,664
7,2#2,11371
7,2#3,664
7,21#2,581
8,4#16,498
8,1#10,830
8,24,6308
8,25,4897
8,20,56440
8,22,2739
8,23,4980
8,4,22576
8,8,996
8,5#3,5727
8,5#2,83
8,5#1,8383
8,8#2,13446
8,8#3,5893
8,8#1,498
8,8#4,9628
8,1#3,249
8,1#2,1660
8,1#1,664
8,1#7,166
8,1#6,83
8,1#5,21082
8,1#4,415
8,1#9,83
8,1#8,11703
8,14#10,830
8,15#1,332
8,4#1,1494
8,7,13197
8,15#7,4316
8,15#6,6889
8,15#4,996
8,15#3,14193
8,15#2,8715
8,4#8,249
8,4#9,5478
8,4#6,996
8,4#7,1411
8,4#4,166
8,4#5,8881
8,4#2,5727
8,4#3,4233
8,15#8,249
8,16#1,166
8,16#2,581
8,16#3,747
8,16#4,8300
8,17#1,332
8,17#3,747
8,17#2,19747
8,17#5,24900
8,17#4,6557
8,11#8,60258
8,13#8,5976
8,11#3,13031
8,13#4,65321
8,11#1,3735
8,13#6,83
8,11#7,6142
8,11#6,29880
8,11#5,2324
8,11#4,70052
8,16#8,83
8,19#3,80676
8,19#2,1162
8,19#1,2407
8,19#4,2490
8,14#6,996
8,14#7,415
8,14#2,83
8,14#3,1245
8,6,16434
8,14#8,581
8,14#9,581
8,4#10,7636
8,4#11,7055
8,4#13,6889
8,4#14,4150
8,4#15,7
8,1#11,4980
8,4#17,3652
8,4#18,4980
8,3#1,2905
8,3#3,415
8,3#2,249
8,11,22161
8,15,14193
8,14,1909
8,17,2324
8,16,12616
8,19,145665
8,18,83
8,6#1,3486
8,6#2,2407
8,6#3,415
8,6#4,747
8,2#12,15687
8,2#13,4233
8,2#10,4399
8,2#11,996
8,20#7,27556
8,20#6,249
8,20#5,7055
8,20#4,10043
8,20#2,12782
8,20#1,15853
8,16#12,2822
8,16#10,24983
8,16#11,15936
8,20#9,83
8,20#8,103335
8,23#1,664
8,23#2,166
8,23#3,1079
8,23#4,830
8,23#5,2656
8,23#6,1660
8,22#1,1411
8,22#3,1494
8,22#2,3818
8,22#5,415
8,22#4,2490
8,25#8,2324
8,25#9,9130
8,25#3,913
8,25#1,83
8,25#6,581
8,25#7,4648
8,25#4,166
8,25#5,332
8,1,6142
8,5,747
8,24#3,2490
8,24#2,11122
8,24#1,240036
8,11#2,14193
8,2#4,664
8,2#5,2241
8,2#6,6640
8,2#7,1992
8,2#1,830
8,2#2,16434
8,2#3,664
9,4#16,166
9,25,415
9,20,5312
9,22,498
9,4,1992
9,8,166
9,5#3,830
9,5#1,1494
9,8#2,1411
9,8#3,747
9,8#4,996
9,1#3,166
9,1#2,747
9,1#1,332
9,1#7,249
9,1#6,249
9,1#5,3486
9,1#4,83
9,1#9,415
9,1#8,830
9,14#10,166
9,15#1,83
9,7,3320
9,15#7,83
9,15#6,1577
9,15#3,2656
9,15#2,1245
9,4#8,332
9,4#9,415
9,4#7,415
9,4#5,996
9,4#2,913
9,4#3,581
9,4#1,166
9,16#3,166
9,16#4,2988
9,16#8,166
9,17#3,83
9,17#2,2324
9,17#5,2075
9,17#4,498
9,11#8,11205
9,13#8,415
9,11#3,2407
9,13#4,4731
9,11#1,2407
9,13#6,166
9,11#7,1079
9,11#6,5063
9,11#5,332
9,11#4,11371
9,17#1,166
9,19#3,2905
9,19#2,249
9,19#1,415
9,19#4,332
9,14#6,498
9,14#7,2905
9,6,8134
9,14#8,332
9,14#9,166
9,4#10,415
9,4#11,581
9,4#13,498
9,4#14,581
9,1#11,996
9,4#17,996
9,4#18,1411
9,3#1,3154
9,3#3,83
9,11,3486
9,15,1494
9,14,664
9,17,415
9,16,249
9,19,7968
9,6#1,498
9,6#2,166
9,6#4,83
9,2#12,2739
9,2#13,996
9,2#10,664
9,20#7,3071
9,20#6,83
9,20#5,996
9,20#4,2324
9,20#2,1162
9,20#1,2822
9,16#12,1826
9,16#10,3901
9,16#11,4233
9,20#8,16600
9,23#1,166
9,23#3,166
9,23#5,249
9,22#1,166
9,22#3,83
9,22#2,913
9,22#5,249
9,22#4,581
9,25#8,581
9,25#9,1245
9,25#2,83
9,25#6,166
9,25#7,830
9,25#5,166
9,1,747
9,24#2,1328
9,24#1,4648
9,13#5,166
9,11#2,2158
9,2#5,249
9,2#6,664
9,2#7,249
9,2#1,83
9,2#2,4980
9,2#3,332
9,21#2,249
10,20#7,332
10,11#5,83
10,20#1,498
10,16#12,332
10,16#10,664
10,16#11,166
10,20#8,1660
10,23#5,166
10,15#3,166
10,2#3,83
10,19#3,166
10,25#9,166
10,20,415
10,2#4,83
10,17#5,166
10,25#7,83
10,14#6,581
10,14#7,1660
10,4,332
10,7,498
10,6,1494
10,6#4,83
10,24#1,830
10,15#7,83
10,1#3,83
10,15#4,83
10,5#3,166
10,15#2,83
10,5#1,166
10,4#7,83
10,4#2,166
10,4#3,166
10,8#2,166
10,4#11,249
10,4#13,166
10,16#4,498
10,17,83
10,8#4,166
10,4#17,332
10,4#18,166
10,17#2,83
10,3#1,1909
10,1#6,249
10,11,249
10,1#2,83
10,7#2,83
10,15,83
10,14,581
10,1#5,498
10,19,1660
10,2#12,83
10,1#8,166
10,2#2,249
10,11#6,83
10,6#1,83
10,6#2,83
10,11#8,3071
10,21#2,581
10,13#4,332
10,11#3,166
10,11#2,996
10,11#1,4067
10,11#7,415
10,2#13,83
10,2#10,83
10,11#4,664
11,4#16,415
11,24,83
11,25,830
11,20,15189
11,22,7387
11,23,166
11,4,3984
11,8,166
11,5#3,83
11,5#1,332
11,8#2,2490
11,8#3,913
11,8#4,1577
11,8#5,83
11,1#3,83
11,1#2,166
11,1#7,83
11,1#5,3818
11,1#4,83
11,1#8,664
11,7,2573
11,15#7,830
11,15#6,1245
11,15#4,166
11,15#3,2573
11,15#2,1245
11,4#8,415
11,4#9,415
11,4#6,415
11,4#7,249
11,4#5,498
11,4#2,6474
11,4#3,83
11,4#1,332
11,16#1,83
11,16#3,664
11,16#4,2324
11,17#2,1826
11,17#5,1909
11,7#1,83
11,11#8,12865
11,11#3,249
11,11#2,166
11,13#6,83
11,11#7,498
11,11#6,1660
11,11#4,7055
11,19#3,11205
11,19#2,747
11,19#1,3154
11,19#4,332
11,15#8,83
11,14#2,249
11,6,4648
11,14#8,83
11,4#10,415
11,4#11,747
11,4#13,83
11,4#14,1245
11,1#11,1660
11,4#17,913
11,4#18,664
11,3#1,4648
11,3#3,166
11,3#2,83
11,11,4316
11,15,1743
11,17,332
11,16,4150
11,19,44239
11,6#1,498
11,6#2,83
11,2#12,83
11,2#10,913
11,2#11,83
11,20#7,15853
11,20#6,83
11,20#5,1328
11,20#4,4316
11,20#2,1328
11,20#1,8632
11,16#12,1577
11,16#10,1328
11,16#11,332
11,20#9,83
11,20#8,11620
11,23#3,83
11,23#5,415
11,22#1,166
11,22#3,9047
11,22#2,2490
11,22#5,3652
11,22#4,4482
11,22#6,83
11,25#8,415
11,25#9,2407
11,25#2,83
11,25#3,249
11,25#6,166
11,25#7,996
11,1,415
11,5,83
11,24#3,83
11,24#2,664
11,24#1,2573
11,13#5,83
11,13#4,4399
11,2#5,581
11,2#6,83
11,2#7,166
11,2#2,913
11,2#3,83
11,21#1,166
12,1#11,2241
12,1#10,249
12,24,1245
12,25,3652
12,20,33449
12,22,2324
12,23,913
12,4,13031
12,8,166
12,5#4,83
12,5#3,3569
12,5#2,83
12,5#1,4731
12,8#2,8798
12,8#3,5229
12,8#1,664
12,8#4,7387
12,8#5,83
12,1#3,498
12,1#2,2822
12,1#1,415
12,1#7,166
12,1#6,83
12,1#5,12367
12,1#4,249
12,1#9,166
12,1#8,4316
12,14#10,664
12,7,6640
12,15#7,1411
12,15#6,5644
12,15#4,249
12,15#3,11537
12,15#2,4150
12,4#8,747
12,4#9,2988
12,4#6,913
12,4#7,1743
12,4#4,166
12,4#5,4814
12,4#2,1328
12,4#3,1743
12,4#1,664
12,16#1,83
12,16#2,332
12,16#3,332
12,16#4,7968
12,17#1,249
12,16#9,332
12,17#3,498
12,17#2,12201
12,17#5,20999
12,17#4,3569
12,11#8,36188
12,13#8,1660
12,11#3,6640
12,11#2,7221
12,11#1,1992
12,11#7,2490
12,11#6,18924
12,11#5,2822
12,11#4,30544
12,19#3,27722
12,19#2,1245
12,19#1,1826
12,19#4,581
12,14#6,1909
12,14#7,1909
12,14#2,83
12,14#3,1245
12,6,8466
12,14#8,83
12,14#9,83
12,4#10,4067
12,4#11,3569
12,4#12,83
12,4#13,7387
12,4#14,2656
12,4#16,664
12,4#17,4150
12,4#18,4648
12,3#1,3652
12,3#3,166
12,3#2,166
12,11,10956
12,15,6059
12,14,4399
12,17,2988
12,16,7636
12,19,55859
12,6#1,1826
12,6#2,664
12,6#4,830
12,2#12,4648
12,2#13,249
12,2#10,2490
12,2#11,1826
12,20#7,11952
12,20#6,830
12,20#5,5561
12,20#4,11703
12,20#2,6557
12,20#1,8217
12,16#12,3818
12,16#10,15521
12,16#11,9711
12,20#8,118690
12,23#1,498
12,23#2,83
12,23#3,498
12,23#4,249
12,23#5,996
12,23#6,249
12,22#1,498
12,22#3,83
12,22#2,2324
12,22#5,913
12,22#4,1328
12,25#8,1909
12,25#9,6142
12,25#3,581
12,25#6,415
12,25#7,4980
12,25#5,249
12,1,4482
12,5,249
12,24#3,166
12,24#2,5727
12,24#1,133713
12,13#4,19173
12,2#8,166
12,2#4,249
12,2#5,1079
12,2#6,1245
12,2#7,1826
12,2#1,83
12,2#2,9213
12,2#3,415
13,4#16,249
13,24,913
13,25,332
13,20,4316
13,22,415
13,4,2158
13,5#4,83
13,5#3,166
13,5#1,332
13,8#2,996
13,8#4,830
13,1#2,83
13,1#1,166
13,1#5,913
13,1#4,83
13,1#8,664
13,14#10,166
13,3,83
13,7,2573
13,15#7,249
13,15#6,664
13,15#4,166
13,15#3,2656
13,15#2,1411
13,4#8,249
13,4#4,83
13,4#5,166
13,4#2,498
13,4#3,249
13,4#1,332
13,16#3,166
13,16#4,2822
13,16#8,166
13,16#9,166
13,17#2,1079
13,17#5,1245
13,11#8,4565
13,13#8,166
13,11#3,83
13,11#2,166
13,11#1,83
13,11#7,166
13,11#6,1328
13,11#5,83
13,11#4,1162
13,19#3,3901
13,19#2,498
13,19#1,2241
13,19#4,415
13,14#6,332
13,6,249
13,4#10,83
13,4#11,166
13,4#12,83
13,4#13,83
13,4#14,415
13,1#11,166
13,4#17,747
13,4#18,664
13,3#1,4565
13,3#3,83
13,11,996
13,15,747
13,17,166
13,16,996
13,19,15521
13,6#1,83
13,2#12,498
13,2#10,913
13,2#11,83
13,20#7,2241
13,20#6,166
13,20#5,664
13,20#4,1162
13,20#2,166
13,20#1,4316
13,16#12,1743
13,16#10,664
13,16#11,1909
13,20#8,5478
13,23#1,83
13,23#5,83
13,22#3,498
13,22#2,332
13,22#5,83
13,22#4,581
13,25#8,415
13,25#9,1162
13,25#3,83
13,25#1,83
13,25#7,830
13,25#5,166
13,24#1,6972
13,13#4,2241
13,2#9,83
13,2#4,83
13,2#5,249
13,2#6,332
13,2#7,498
13,2#2,415
13,21#1,83
14,1#11,1328
14,24,581
14,25,1494
14,20,12782
14,22,2988
14,23,332
14,4,5478
14,8,166
14,5#4,83
14,5#3,1743
14,5#1,1826
14,8#2,3652
14,8#3,1660
14,8#1,83
14,8#4,2241
14,1#3,166
14,1#2,498
14,1#5,6557
14,1#4,83
14,1#9,166
14,1#8,2490
14,3,83
14,7,8300
14,15#7,1494
14,15#6,2490
14,15#4,249
14,15#3,5063
14,15#2,1411
14,4#8,83
14,4#9,1411
14,4#6,415
14,4#7,996
14,4#4,166
14,4#5,3486
14,4#2,2241
14,4#3,1328
14,4#1,664
14,16#2,83
14,16#3,332
14,16#4,4150
14,16#6,83
14,17#1,249
14,17#3,249
14,17#2,5063
14,17#5,5063
14,17#4,1162
14,11#8,17347
14,13#8,1577
14,11#3,2573
14,11#2,3071
14,11#1,2075
14,13#6,415
14,11#7,1245
14,11#6,5229
14,11#5,581
14,11#4,19090
14,19#3,8383
14,19#2,498
14,19#1,415
14,19#4,747
14,15#8,83
14,14#6,2075
14,14#7,5312
14,14#5,83
14,14#2,83
14,14#3,415
14,6,7885
14,14#8,249
14,14#9,415
14,4#10,2241
14,4#11,2158
14,4#12,249
14,4#13,1909
14,4#14,1909
14,4#16,498
14,4#17,2324
14,4#18,1494
14,3#1,664
14,3#3,166
14,3#2,332
14,11,6225
14,15,3320
14,14,2407
14,17,830
14,16,6723
14,19,24651
14,6#1,747
14,6#2,1328
14,6#3,249
14,6#4,415
14,2#12,1992
14,2#13,166
14,2#10,1494
14,2#11,249
14,20#7,13363
14,20#6,83
14,20#5,4399
14,20#4,2822
14,20#2,6059
14,20#1,4897
14,16#12,1660
14,16#10,9794
14,16#11,10043
14,20#8,21912
14,23#1,415
14,23#3,498
14,23#4,83
14,23#5,166
14,23#6,83
14,22#1,166
14,22#3,166
14,22#2,1411
14,22#5,415
14,22#4,830
14,25#8,1245
14,25#9,4233
14,25#2,83
14,25#3,473
14,25#1,83
14,25#6,166
14,25#7,1826
14,1,2490
14,5,415
14,24#3,332
14,24#2,2324
14,24#1,73953
14,13#4,17845
14,2#4,83
14,2#5,747
14,2#6,830
14,2#7,498
14,2#2,3237
14,21#2,415
14,21#1,83
15,20#2,83
15,20#1,83
15,16#10,332
15,4#17,83
15,20#8,83
15,5#3,83
15,19#3,83
15,25,83
15,19#1,166
15,25#9,166
15,20,166
15,19#4,83
15,25#7,83
15,14#7,4067
15,14#4,581
15,14#3,83
15,7,166
15,6,83
15,8,83
15,24#1,830
15,4,249
15,1#3,83
15,15#3,249
15,15#2,249
15,4#7,83
15,16#4,249
15,16#6,83
15,13#4,415
15,4#18,249
15,3#1,1577
15,11,249
15,15,166
15,14,664
15,1#4,83
15,19,415
15,1#8,166
15,14#10,166
15,11#8,415
15,21#2,498
15,13#8,166
15,21#1,83
15,11#2,83
15,2#12,83
15,11#6,249
16,1#11,664
16,24,249
16,25,166
16,20,3652
16,22,498
16,4,913
16,5#1,498
16,8#2,664
16,8#3,166
16,8#4,664
16,1#3,83
16,1#2,249
16,1#1,83
16,1#5,1079
16,1#9,83
16,1#8,747
16,7,2241
16,15#7,83
16,15#6,498
16,15#4,83
16,15#3,1494
16,15#2,249
16,4#8,83
16,4#9,249
16,4#6,166
16,4#5,415
16,4#2,332
16,4#3,166
16,4#1,332
16,16#2,83
16,16#3,83
16,16#4,2490
16,17#2,1079
16,17#5,664
16,17#4,83
16,11#8,3320
16,11#3,83
16,13#4,2075
16,11#1,83
16,11#7,249
16,11#6,1079
16,11#5,83
16,11#4,3071
16,19#3,2324
16,19#1,1162
16,19#4,249
16,14#6,166
16,14#3,83
16,6,2241
16,4#10,83
16,4#11,498
16,4#12,83
16,4#13,664
16,4#14,332
16,4#16,166
16,4#18,664
16,3#1,2075
16,3#3,83
16,11,1162
16,15,332
16,14,83
16,17,249
16,16,1743
16,19,10458
16,6#1,83
16,6#2,83
16,2#12,332
16,2#13,83
16,2#10,498
16,2#11,83
16,20#7,4150
16,20#6,83
16,20#5,747
16,20#4,2158
16,20#2,332
16,20#1,2324
16,16#12,498
16,16#10,249
16,16#11,747
16,20#8,5312
16,23#2,83
16,23#6,83
16,22#2,498
16,22#5,249
16,22#4,415
16,25#8,249
16,25#9,1079
16,25#6,83
16,25#7,581
16,1,332
16,24#3,83
16,24#2,415
16,24#1,2988
16,2#5,83
16,2#7,249
16,2#1,166
16,2#2,415
16,21#2,83
17,1#11,498
17,24,332
17,25,581
17,20,5810
17,22,2407
17,4,1494
17,8,83
17,5#1,581
17,8#2,996
17,8#3,166
17,8#1,166
17,8#4,747
17,1#2,166
17,1#6,83
17,1#5,664
17,1#4,83
17,1#8,83
17,14#10,83
17,7,1494
17,15#7,498
17,15#6,415
17,15#4,83
17,15#3,1909
17,15#2,332
17,4#8,249
17,4#6,249
17,4#7,83
17,4#5,166
17,4#2,996
17,16#3,249
17,16#4,1826
17,17#2,1328
17,17#5,332
17,11#8,5395
17,11#3,83
17,13#4,1494
17,11#7,332
17,11#6,1079
17,11#4,2905
17,19#3,3320
17,19#2,249
17,19#1,2075
17,19#4,332
17,14#6,332
17,14#3,83
17,6,996
17,4#10,249
17,4#11,83
17,4#14,664
17,4#16,249
17,4#17,83
17,4#18,581
17,3#1,2739
17,3#3,83
17,11,996
17,15,1328
17,17,166
17,16,1328
17,19,27639
17,6#1,249
17,6#3,83
17,2#12,332
17,2#13,83
17,2#10,415
17,20#7,7055
17,20#5,581
17,20#4,2075
17,20#2,498
17,20#1,5063
17,16#12,1660
17,16#10,332
17,16#11,664
17,20#8,10209
17,23#5,166
17,22#1,83
17,22#3,332
17,22#2,581
17,22#5,1245
17,22#4,2158
17,25#8,332
17,25#9,1577
17,25#3,83
17,25#6,166
17,25#7,913
17,1,166
17,24#3,83
17,24#2,83
17,24#1,2490
17,11#2,332
17,2#5,249
17,2#6,166
17,2#7,249
17,2#1,83
17,2#2,498
17,2#3,332
17,21#1,83
18,4#16,166
18,24,166
18,25,498
18,20,2822
18,22,913
18,23,83
18,4,913
18,8,83
18,5#3,166
18,5#1,415
18,8#2,830
18,8#3,166
18,8#1,83
18,8#4,747
18,8#5,166
18,1#2,249
18,1#6,83
18,1#5,1992
18,1#9,83
18,1#8,1079
18,14#10,83
18,7,3154
18,15#7,166
18,15#6,1328
18,15#4,83
18,15#3,1577
18,15#2,415
18,4#8,166
18,4#9,249
18,4#6,83
18,4#5,664
18,4#2,913
18,4#1,332
18,16#1,83
18,16#3,83
18,16#4,1909
18,16#8,83
18,17#2,1909
18,17#5,830
18,7#2,83
18,11#8,5893
18,11#3,166
18,13#4,3320
18,11#1,415
18,13#6,83
18,11#7,249
18,11#6,747
18,11#4,3237
18,19#3,4897
18,19#2,83
18,19#1,2075
18,19#4,664
18,14#3,249
18,6,1245
18,4#11,664
18,4#13,415
18,4#14,830
18,1#11,664
18,4#17,83
18,4#18,581
18,3#1,3901
18,3#3,83
18,11,1411
18,15,830
18,17,498
18,16,2656
18,19,29216
18,6#1,166
18,2#12,747
18,2#10,581
18,20#7,3984
18,20#5,830
18,20#4,1743
18,20#2,830
18,20#1,4316
18,16#12,913
18,16#10,1079
18,16#11,1660
18,20#8,8715
18,23#2,83
18,23#5,415
18,22#3,415
18,22#2,581
18,22#5,415
18,22#4,747
18,22#6,83
18,25#9,1909
18,25#2,83
18,25#7,415
18,1,83
18,24#2,166
18,24#1,2324
18,13#5,83
18,11#2,249
18,2#5,498
18,2#6,166
18,2#7,664
18,2#1,83
18,2#2,498
18,2#3,83
18,21#2,249
19,4#16,498
19,24,1162
19,25,498
19,20,12035
19,22,1079
19,4,3486
19,8,83
19,5#3,747
19,5#1,1079
19,8#2,3403
19,8#3,1079
19,8#1,83
19,8#4,2656
19,1#3,166
19,1#2,747
19,1#5,2407
19,1#4,83
19,1#8,1079
19,14#10,249
19,4#1,83
19,7,4150
19,15#7,166
19,15#6,664
19,15#4,166
19,15#3,1660
19,15#2,1577
19,4#8,249
19,4#9,581
19,4#6,581
19,4#7,83
19,4#5,1328
19,4#2,1577
19,4#3,166
19,15#8,83
19,16#1,83
19,16#3,498
19,16#4,2075
19,16#9,332
19,17#2,3320
19,17#5,2407
19,17#4,332
19,11#8,11205
19,13#8,830
19,11#3,913
19,11#2,664
19,11#1,166
19,13#6,249
19,11#7,581
19,11#6,2822
19,11#5,166
19,11#4,7968
19,19#3,9711
19,19#2,581
19,19#1,1411
19,19#4,1162
19,14#3,249
19,6,3652
19,4#10,664
19,4#11,664
19,4#13,1245
19,4#14,1411
19,1#11,1079
19,4#17,581
19,4#18,996
19,3#1,5644
19,11,3320
19,15,1577
19,14,83
19,17,913
19,16,3237
19,19,39093
19,18,83
19,6#1,664
19,6#2,166
19,6#3,83
19,6#4,166
19,2#12,581
19,2#10,1079
19,2#11,83
19,20#7,4814
19,20#6,249
19,20#5,1079
19,20#4,3652
19,20#2,1411
19,20#1,7055
19,16#12,747
19,16#10,4980
19,16#11,332
19,20#8,20418
19,23#1,83
19,23#3,249
19,23#5,166
19,23#6,83
19,22#1,332
19,22#3,415
19,22#2,747
19,22#5,249
19,22#4,996
19,25#8,166
19,25#9,2241
19,25#7,1162
19,1,415
19,24#3,83
19,24#2,3320
19,24#1,6474
19,13#5,249
19,13#4,6308
19,2#4,83
19,2#5,332
19,2#6,498
19,2#7,166
19,2#1,166
19,2#2,1494
19,2#3,166
19,21#1,166
20,4#16,166
20,1#10,83
20,24,332
20,25,498
20,20,5893
20,22,2158
20,23,415
20,4,3320
20,5#4,166
20,5#3,83
20,5#1,913
20,8#2,2324
20,8#3,1079
20,8#1,83
20,8#4,1328
20,8#5,83
20,1#3,83
20,1#2,83
20,1#5,2241
20,1#4,83
20,1#9,166
20,1#8,1245
20,14#10,83
20,7,5976
20,15#7,498
20,15#6,1079
20,15#4,166
20,15#3,2407
20,15#2,830
20,4#8,166
20,4#9,249
20,4#6,332
20,4#7,415
20,4#5,1743
20,4#2,1162
20,4#1,415
20,16#2,166
20,16#3,332
20,16#4,3901
20,16#9,249
20,17#3,83
20,17#2,2324
20,17#5,2407
20,17#4,83
20,11#8,8300
20,13#8,664
20,11#3,332
20,11#2,913
20,11#1,415
20,11#7,415
20,11#6,3071
20,11#5,166
20,11#4,8881
20,19#3,8217
20,19#2,249
20,19#1,2075
20,19#4,3071
20,14#6,913
20,14#7,3071
20,14#2,83
20,14#3,166
20,6,3237
20,14#8,83
20,4#10,1162
20,4#11,996
20,4#13,747
20,4#14,1162
20,1#11,664
20,4#17,830
20,4#18,1162
20,3#1,3237
20,3#3,249
20,11,3901
20,15,1577
20,14,1743
20,17,166
20,16,2822
20,19,45401
20,6#1,332
20,6#2,166
20,6#4,332
20,2#12,1577
20,2#10,913
20,2#11,83
20,20#7,5976
20,20#6,249
20,20#5,1577
20,20#4,3486
20,20#2,1494
20,20#1,4067
20,16#12,1826
20,16#10,4897
20,16#11,5810
20,20#8,15604
20,23#3,415
20,23#5,332
20,23#6,83
20,22#1,498
20,22#3,1245
20,22#2,996
20,22#5,498
20,22#4,1411
20,22#6,166
20,25#8,498
20,25#9,2158
20,25#3,83
20,25#1,83
20,25#7,1245
20,1,498
20,5,166
20,24#3,166
20,24#2,1909
20,24#1,11039
20,13#4,5395
20,2#5,498
20,2#6,415
20,2#7,249
20,2#1,166
20,2#2,1328
20,21#2,83
20,21#1,166
21,4#16,166
21,1#10,83
21,24,996
21,25,249
21,20,7968
21,22,415
21,23,415
21,4,1743
21,5#3,996
21,5#2,83
21,5#1,2490
21,8#2,3403
21,8#4,581
21,1#3,166
21,1#2,581
21,1#1,166
21,1#7,83
21,1#5,2241
21,1#4,249
21,1#8,1411
21,14#10,332
21,7,2490
21,15#7,415
21,15#6,415
21,15#3,581
21,15#2,332
21,4#9,415
21,4#6,83
21,4#4,83
21,4#5,830
21,4#2,996
21,4#3,664
21,4#1,249
21,16#1,83
21,16#3,166
21,16#4,3403
21,17#2,4399
21,17#5,1577
21,17#4,996
21,11#8,14110
21,13#8,2822
21,11#3,3569
21,11#2,1494
21,13#6,83
21,11#7,1660
21,11#6,10292
21,11#5,166
21,11#4,23821
21,19#3,4482
21,19#4,1162
21,14#7,83
21,6,2324
21,4#10,1743
21,4#11,747
21,4#13,2075
21,4#14,1577
21,1#11,1162
21,4#17,581
21,4#18,498
21,11,9711
21,15,664
21,17,913
21,16,2988
21,19,14193
21,6#1,332
21,6#3,166
21,2#12,10292
21,2#13,3984
21,2#10,830
21,2#11,166
21,20#7,2573
21,20#6,166
21,20#5,2241
21,20#4,2324
21,20#2,2739
21,20#1,5395
21,16#12,2324
21,16#10,3237
21,16#11,2739
21,20#8,14940
21,23#4,83
21,22#1,166
21,22#3,83
21,22#2,332
21,22#4,83
21,25#8,83
21,25#9,1992
21,25#7,498
21,1,415
21,5,83
21,24#3,1909
21,24#2,2490
21,24#1,52290
21,13#4,17098
21,2#4,83
21,2#5,332
21,2#6,1743
21,2#7,249
21,2#2,3984
21,2#3,664
21,21#1,83
22,4#16,166
22,3#5,83
22,24,415
22,25,913
22,20,4482
22,22,581
22,23,415
22,4,2075
22,8,249
22,5#3,415
22,5#1,166
22,8#2,2988
22,8#3,1245
22,8#1,83
22,8#4,2324
22,1#2,664
22,1#5,1826
22,1#4,83
22,1#8,1909
22,14#10,166
22,7,3154
22,15#7,996
22,15#6,2739
22,15#4,166
22,15#3,1992
22,15#2,664
22,4#9,498
22,4#6,166
22,4#7,166
22,4#5,249
22,4#2,747
22,4#3,415
22,4#1,166
22,16#1,166
22,16#3,581
22,16#4,4814
22,16#6,83
22,16#9,249
22,17#3,166
22,17#2,2656
22,17#5,2241
22,17#4,332
22,7#2,166
22,11#8,9545
22,13#8,1162
22,13#5,166
22,11#2,830
22,11#1,415
22,13#6,166
22,11#7,498
22,11#6,2158
22,11#5,498
22,11#4,4316
22,19#3,6059
22,19#2,498
22,19#1,498
22,19#4,747
22,14#6,83
22,14#3,83
22,6,1826
22,4#10,747
22,4#11,996
22,4#13,581
22,4#14,581
22,1#11,581
22,4#17,581
22,4#18,1328
22,3#1,3818
22,3#3,83
22,3#2,83
22,11,2158
22,15,2822
22,14,83
22,17,498
22,16,2656
22,19,21663
22,6#1,83
22,6#4,166
22,2#12,664
22,2#10,664
22,2#11,166
22,20#7,3320
22,20#6,249
22,20#5,1162
22,20#4,1245
22,20#2,1162
22,20#1,6142
22,16#12,830
22,16#10,4399
22,16#11,3071
22,20#8,11537
22,23#3,166
22,23#4,83
22,23#5,332
22,22#1,83
22,22#3,913
22,22#2,581
22,22#5,332
22,22#4,830
22,25#8,996
22,25#9,2656
22,25#3,415
22,25#1,83
22,25#6,249
22,25#7,332
22,25#4,83
22,1,332
22,5,83
22,24#2,2324
22,24#1,5478
22,11#3,581
22,13#4,5976
22,2#4,166
22,2#5,415
22,2#6,166
22,2#7,498
22,2#2,1079
22,2#3,83
22,21#1,83
23,4#16,830
23,1#10,83
23,24,2241
23,25,5063
23,20,78020
23,22,7221
23,23,6391
23,4,27805
23,8,1494
23,5#3,5727
23,5#2,166
23,5#1,9877
23,8#2,14027
23,8#3,10043
23,8#1,581
23,8#4,8383
23,1#3,1411
23,1#2,3237
23,1#1,249
23,1#7,415
23,1#5,30378
23,1#4,581
23,1#8,16517
23,14#10,249
23,15#1,166
23,3,166
23,7,16683
23,15#7,7387
23,15#6,9047
23,15#4,1411
23,15#3,17015
23,15#2,8798
23,4#8,415
23,4#9,8964
23,4#6,3071
23,4#7,1411
23,4#4,581
23,4#5,6391
23,4#2,10458
23,4#3,3154
23,4#1,1826
23,16#1,83
23,16#3,1162
23,16#4,8134
23,16#6,83
23,17#1,166
23,16#9,166
23,17#3,581
23,17#2,21414
23,17#5,22493
23,17#4,7138
23,7#3,83
23,7#2,166
23,11#8,71380
23,13#8,3486
23,11#3,9379
23,11#2,6474
23,11#1,3237
23,13#6,498
23,11#7,7387
23,11#6,25481
23,11#5,2822
23,11#4,91300
23,19#3,89142
23,19#2,1162
23,19#1,1992
23,19#4,1162
23,15#8,83
23,14#6,166
23,14#7,498
23,14#2,249
23,14#3,1494
23,6,25813
23,14#8,166
23,14#9,166
23,4#10,8715
23,4#11,7304
23,4#12,415
23,4#13,4980
23,4#14,5395
23,1#11,5644
23,4#17,6225
23,4#18,5478
23,3#1,2739
23,3#3,581
23,3#2,249
23,11,29299
23,12,166
23,15,18758
23,14,747
23,17,3486
23,16,19090
23,19,142428
23,6#1,4482
23,6#2,2905
23,6#3,913
23,6#4,1079
23,2#12,13031
23,2#13,2573
23,2#10,4482
23,2#11,581
23,20#7,35607
23,20#6,415
23,20#5,8881
23,20#4,13280
23,20#2,17762
23,20#1,18841
23,16#12,3984
23,16#10,27556
23,16#11,14691
23,20#8,113129
23,23#1,83
23,23#2,249
23,23#3,913
23,23#4,830
23,23#5,1743
23,23#6,1660
23,22#1,1992
23,22#3,1826
23,22#2,5561
23,22#5,1577
23,22#4,15853
23,22#6,415
23,25#8,3569
23,25#9,12782
23,25#2,332
23,25#3,1826
23,25#1,83
23,25#6,664
23,25#7,4814
23,25#4,83
23,25#5,498
23,1,5395
23,5,747
23,24#3,1743
23,24#2,10043
23,24#1,257881
23,13#5,83
23,13#4,72957
23,2#4,498
23,2#5,1577
23,2#6,8300
23,2#7,2324
23,2#1,581
23,2#2,12035
23,2#3,415
23,21#1,83
24,4#16,332
24,4#17,1494
24,24,1079
24,25,830
24,20,17845
24,22,4814
24,23,332
24,4,6225
24,8,166
24,5#3,1743
24,5#1,913
24,8#2,3735
24,8#3,830
24,8#1,83
24,8#4,1826
24,1#3,166
24,1#2,498
24,1#1,249
24,1#6,249
24,1#5,10043
24,1#4,83
24,1#8,2905
24,14#10,664
24,7,7387
24,15#7,747
24,15#6,1079
24,15#4,83
24,15#3,2656
24,15#2,1245
24,4#8,498
24,4#9,664
24,4#6,166
24,4#7,166
24,4#4,166
24,4#5,1992
24,4#2,3320
24,4#3,1743
24,4#1,415
24,16#3,581
24,16#4,3984
24,16#6,83
24,16#8,415
24,17#3,332
24,17#2,8300
24,17#5,6308
24,17#4,1079
24,11#8,25149
24,13#8,332
24,13#5,332
24,11#2,2075
24,11#1,249
24,13#6,166
24,11#7,2241
24,11#6,6723
24,11#5,581
24,11#4,24485
24,19#3,12284
24,19#2,249
24,19#1,3320
24,19#4,1245
24,14#6,249
24,14#2,249
24,14#3,415
24,6,6474
24,4#10,1162
24,4#11,1992
24,4#13,2822
24,4#14,1577
24,1#11,2075
24,1#10,83
24,4#18,1826
24,3#1,6225
24,3#3,83
24,3#2,166
24,11,7304
24,15,2739
24,14,83
24,17,1577
24,16,4150
24,19,40338
24,6#1,1162
24,6#2,83
24,2#12,4067
24,2#13,664
24,2#10,2656
24,2#11,249
24,20#7,15770
24,20#6,332
24,20#5,4565
24,20#4,5893
24,20#2,3818
24,20#1,10458
24,16#12,4233
24,16#10,5478
24,16#11,3569
24,20#8,41832
24,23#3,249
24,23#5,332
24,23#6,83
24,22#1,332
24,22#3,830
24,22#2,2324
24,22#5,1162
24,22#4,3652
24,25#8,747
24,25#9,5893
24,25#6,249
24,25#7,2905
24,1,1494
24,5,249
24,24#3,166
24,24#2,2324
24,24#1,51792
24,11#3,1909
24,13#4,9960
24,2#4,332
24,2#5,664
24,2#6,1079
24,2#7,581
24,2#1,83
24,2#2,5063
24,2#3,83
25,1#11,1245
25,24,415
25,25,1079
25,20,11288
25,22,2158
25,23,166
25,4,3071
25,8,249
25,5#4,83
25,5#3,581
25,5#1,747
25,8#2,1494
25,8#3,1992
25,8#1,415
25,8#4,1909
25,1#3,249
25,1#2,1577
25,1#1,83
25,1#6,166
25,1#5,4648
25,1#4,166
25,1#8,2075
25,14#10,249
25,15#1,83
25,3,83
25,7,3403
25,15#7,1245
25,15#6,2739
25,15#4,332
25,15#3,3071
25,15#2,1328
25,4#8,498
25,4#9,415
25,4#7,166
25,4#5,581
25,4#2,913
25,4#3,581
25,4#1,332
25,16#1,249
25,16#3,415
25,16#4,4067
25,16#8,83
25,17#3,83
25,17#2,3154
25,17#5,3403
25,17#4,581
25,11#8,10209
25,13#8,83
25,11#3,747
25,11#2,913
25,11#1,996
25,13#6,83
25,11#7,747
25,11#6,3569
25,11#5,498
25,11#4,9794
25,19#3,6972
25,19#2,332
25,19#1,1245
25,19#4,913
25,14#6,166
25,14#7,166
25,14#2,83
25,14#3,83
25,6,5727
25,14#8,83
25,4#10,498
25,4#11,830
25,4#12,83
25,4#13,1660
25,4#14,996
25,4#16,166
25,4#17,249
25,4#18,1079
25,3#1,3071
25,3#3,249
25,11,2822
25,15,2407
25,14,83
25,17,664
25,16,3984
25,19,21580
25,6#1,332
25,6#2,83
25,6#4,83
25,2#12,1577
25,2#10,498
25,2#11,83
25,20#7,16766
25,20#6,166
25,20#5,1826
25,20#4,4067
25,20#2,1162
25,20#1,3569
25,16#12,913
25,16#10,2241
25,16#11,2241
25,20#8,31706
25,23#1,249
25,23#2,166
25,23#3,166
25,23#4,83
25,23#5,830
25,22#1,332
25,22#3,830
25,22#2,913
25,22#5,664
25,22#4,1162
25,22#6,83
25,25#8,913
25,25#9,3486
25,25#3,83
25,25#6,83
25,25#7,830
25,25#5,83
25,1,996
25,24#2,996
25,24#1,7138
25,13#5,166
25,13#4,5976
25,2#4,83
25,2#5,332
25,2#6,83
25,2#7,581
25,2#1,166
25,2#2,2241
26,1#10,166
26,24,581
26,25,166
26,20,1328
26,22,249
26,23,166
26,4,1411
26,5#3,83
26,5#1,83
26,8#2,1079
26,8#4,747
26,1#3,83
26,1#6,166
26,1#5,415
26,1#9,83
26,1#8,249
26,7,2075
26,15#6,415
26,15#4,249
26,15#3,581
26,15#2,498
26,4#9,166
26,4#5,332
26,4#2,249
26,4#3,249
26,4#1,83
26,16#3,249
26,16#4,1245
26,16#8,83
26,17#2,747
26,17#5,415
26,17#4,83
26,11#8,5063
26,13#5,166
26,11#2,332
26,13#6,166
26,11#7,581
26,11#6,498
26,11#5,83
26,11#4,3569
26,19#3,2739
26,19#2,249
26,19#1,1494
26,19#4,747
26,14#6,166
26,14#2,83
26,14#3,83
26,6,1079
26,4#10,166
26,4#11,249
26,4#13,249
26,4#14,166
26,1#11,332
26,4#17,249
26,4#18,332
26,3#1,3569
26,11,1245
26,15,332
26,14,83
26,16,166
26,19,14442
26,18,83
26,6#1,166
26,2#12,249
26,2#13,83
26,2#10,498
26,2#11,83
26,20#7,1909
26,20#6,83
26,20#5,913
26,20#4,1162
26,20#2,498
26,20#1,3486
26,16#12,415
26,16#10,1245
26,16#11,830
26,20#8,1660
26,23#1,83
26,22#1,166
26,22#2,249
26,22#4,498
26,25#8,166
26,25#9,1411
26,25#7,415
26,25#5,83
26,1,249
26,24#2,1162
26,24#1,2407
26,11#3,415
26,13#4,1411
26,2#5,83
26,2#6,83
26,2#2,498
26,2#3,249
26,21#2,83
27,4#16,498
27,1#10,166
27,24,996
27,25,1411
27,20,32951
27,22,1079
27,23,747
27,4,7636
27,8,332
27,5#4,83
27,5#3,1411
27,5#1,1245
27,8#2,6308
27,8#3,2490
27,8#1,332
27,8#4,3818
27,8#5,83
27,1#3,1245
27,1#2,2905
27,1#1,332
27,1#7,166
27,1#6,83
27,1#5,10375
27,1#4,166
27,1#8,8217
27,14#10,332
27,15#1,83
27,7,7719
27,15#7,1411
27,15#6,4233
27,15#4,415
27,15#3,7138
27,15#2,3735
27,4#8,581
27,4#9,1743
27,4#6,664
27,4#7,332
27,4#5,3071
27,4#2,3320
27,4#3,1245
27,4#1,1162
27,16#1,166
27,16#3,332
27,16#4,9462
27,16#6,83
27,17#3,166
27,17#2,8964
27,17#5,7553
27,17#4,2241
27,11#8,23655
27,13#8,166
27,11#3,4482
27,11#2,3154
27,11#1,913
27,11#7,1411
27,11#6,8549
27,11#5,1577
27,11#4,22493
27,19#3,23655
27,19#2,1577
27,19#1,1909
27,19#4,913
27,15#8,83
27,14#6,332
27,14#2,166
27,14#3,581
27,6,9545
27,14#8,83
27,14#1,83
27,4#10,1328
27,4#11,1660
27,4#13,2905
27,4#14,1494
27,1#11,1743
27,4#17,1328
27,4#18,2324
27,3#1,2573
27,3#3,249
27,3#2,166
27,11,9047
27,15,5478
27,14,332
27,17,1494
27,16,14193
27,19,48472
27,6#1,1743
27,6#2,498
27,6#4,415
27,2#12,2490
27,2#13,747
27,2#10,1328
27,2#11,332
27,20#7,17264
27,20#6,415
27,20#5,3569
27,20#4,7304
27,20#2,4897
27,20#1,6474
27,16#12,1826
27,16#10,7304
27,16#11,6806
27,20#9,83
27,20#8,61171
27,23#1,415
27,23#2,83
27,23#3,249
27,23#4,249
27,23#5,415
27,23#6,415
27,22#1,664
27,22#3,498
27,22#2,2656
27,22#5,1494
27,22#4,1245
27,25#8,2573
27,25#9,5229
27,25#3,249
27,25#1,83
27,25#7,1743
27,1,1826
27,5,83
27,24#3,166
27,24#2,2988
27,24#1,14027
27,13#4,16102
27,2#8,83
27,2#4,249
27,2#5,913
27,2#6,415
27,2#7,1079
27,2#1,498
27,2#2,4731
27,21#2,83
27,21#1,83
28,4#16,166
28,1#10,249
28,24,1245
28,25,1909
28,20,12865
28,22,2075
28,23,332
28,4,7304
28,8,332
28,5#4,83
28,5#3,2656
28,5#1,2407
28,8#2,4150
28,8#3,1909
28,8#1,166
28,8#4,3403
28,1#3,249
28,1#2,913
28,1#1,332
28,1#5,8134
28,1#4,332
28,1#8,3569
28,14#10,581
28,15#1,83
28,7,7553
28,15#7,1743
28,15#6,3237
28,15#4,83
28,15#3,3652
28,15#2,1328
28,4#8,415
28,4#9,2241
28,4#6,664
28,4#7,332
28,4#4,83
28,4#5,3320
28,4#2,1743
28,4#3,1577
28,4#1,498
28,16#1,83
28,16#4,4316
28,16#9,249
28,17#3,249
28,17#2,7221
28,17#5,8632
28,17#4,2158
28,11#8,24236
28,13#8,1245
28,11#3,6308
28,13#4,15438
28,11#1,581
28,13#6,166
28,11#7,1743
28,11#6,10790
28,11#5,1494
28,11#4,31955
28,19#3,10209
28,19#2,83
28,19#1,664
28,19#4,664
28,14#6,166
28,14#2,166
28,14#3,498
28,6,5644
28,4#10,2988
28,4#11,2739
28,4#13,5644
28,4#14,2407
28,1#11,830
28,4#17,1826
28,4#18,1079
28,3#1,2075
28,3#2,83
28,11,8964
28,15,3154
28,14,166
28,17,1660
28,16,7221
28,19,29133
28,18,83
28,6#1,415
28,6#2,83
28,6#3,1494
28,6#4,415
28,2#12,4316
28,2#13,581
28,2#10,1494
28,2#11,332
28,20#7,9047
28,20#6,415
28,20#5,4233
28,20#4,4731
28,20#3,3
28,20#2,4316
28,20#1,6474
28,16#12,1162
28,16#10,13778
28,16#11,7885
28,20#8,30627
28,23#1,166
28,23#2,332
28,23#3,415
28,23#5,581
28,23#6,166
28,22#1,747
28,22#3,747
28,22#2,2241
28,22#5,498
28,22#4,830
28,25#8,1162
28,25#9,4316
28,25#2,249
28,25#3,830
28,25#1,83
28,25#6,166
28,25#7,1660
28,25#5,83
28,1,1743
28,5,415
28,24#3,83
28,24#2,6391
28,24#1,57422
28,9#1#1,14
28,13#5,166
28,11#2,4814
28,2#8,249
28,2#4,498
28,2#5,332
28,2#6,415
28,2#7,249
28,2#1,415
28,2#2,5976
28,2#3,83
28,21#1,249
29,4#16,166
29,24,83
29,25,664
29,20,5561
29,22,1411
29,23,166
29,4,2324
29,8,83
29,5#3,249
29,5#1,415
29,8#2,1328
29,8#4,415
29,1#2,83
29,1#5,4067
29,1#8,1411
29,14#10,166
29,7,2822
29,15#7,166
29,15#6,1162
29,15#4,166
29,15#3,1743
29,15#2,581
29,4#9,249
29,4#6,415
29,4#5,249
29,4#2,2158
29,4#3,332
29,4#1,664
29,16#3,83
29,16#4,1079
29,16#8,166
29,17#2,3984
29,17#5,1079
29,7#2,166
29,11#8,9960
29,13#8,166
29,13#5,166
29,11#2,249
29,11#1,166
29,13#6,332
29,11#7,415
29,11#6,1245
29,11#4,7968
29,19#3,3735
29,19#2,249
29,19#1,3320
29,19#4,581
29,14#6,664
29,14#2,166
29,6,1079
29,4#10,83
29,4#11,249
29,4#12,83
29,4#13,83
29,4#14,913
29,1#11,830
29,4#17,581
29,4#18,1079
29,3#1,6640
29,11,1992
29,15,1162
29,17,830
29,16,1079
29,19,22825
29,6#1,83
29,6#2,166
29,2#12,747
29,2#10,830
29,20#7,4067
29,20#5,3569
29,20#4,4565
29,20#2,1328
29,20#1,11537
29,16#12,1494
29,16#10,581
29,16#11,3403
29,20#8,13114
29,23#5,166
29,22#2,747
29,22#5,83
29,22#4,996
29,25#8,83
29,25#9,4316
29,25#7,1162
29,1,415
29,24#2,166
29,24#1,2158
29,11#3,249
29,13#4,3984
29,2#5,249
29,2#7,83
29,2#1,83
29,2#2,913
30,4#16,166
30,25,498
30,20,1162
30,22,249
30,4,166
30,5#4,83
30,5#3,83
30,5#1,498
30,8#2,415
30,8#4,415
30,1#3,166
30,1#2,166
30,1#7,83
30,1#6,166
30,1#5,1411
30,1#4,83
30,1#9,83
30,1#8,415
30,14#10,83
30,7,2158
30,15#7,166
30,15#6,249
30,15#3,1494
30,15#2,332
30,4#8,83
30,4#7,166
30,4#5,249
30,4#2,249
30,16#2,166
30,16#3,332
30,16#4,830
30,16#8,83
30,17#2,913
30,17#5,498
30,11#8,3818
30,13#5,332
30,11#2,249
30,11#1,83
30,13#6,83
30,11#7,83
30,11#6,747
30,11#5,83
30,11#4,2158
30,19#3,2241
30,19#2,166
30,19#1,1245
30,19#4,83
30,14#6,830
30,14#7,2407
30,6,830
30,4#11,83
30,4#13,249
30,4#14,581
30,1#11,332
30,4#17,1162
30,4#18,415
30,3#1,3569
30,3#3,83
30,11,332
30,15,1079
30,14,664
30,17,249
30,16,1162
30,19,10790
30,6#4,83
30,2#12,332
30,2#10,249
30,2#11,83
30,20#7,3569
30,20#5,415
30,20#4,1826
30,20#2,415
30,20#1,1826
30,16#12,996
30,16#10,913
30,20#8,6640
30,23#1,83
30,23#3,83
30,22#2,332
30,22#5,166
30,22#4,83
30,25#8,83
30,25#9,664
30,25#2,83
30,25#7,664
30,25#5,166
30,1,83
30,24#2,249
30,24#1,664
30,13#4,1079
30,2#4,83
30,2#5,249
30,2#6,83
30,2#7,166
30,2#2,332
30,2#3,83
30,21#2,166
30,21#1,83
31,1#11,498
31,1#10,83
31,24,249
31,25,415
31,20,2075
31,22,747
31,23,415
31,4,1494
31,5#3,166
31,5#1,498
31,8#2,415
31,8#4,581
31,1#3,83
31,1#2,166
31,1#5,1245
31,1#9,83
31,1#8,830
31,7,5478
31,15#7,830
31,15#6,996
31,15#4,332
31,15#3,2324
31,15#2,1411
31,4#8,83
31,4#9,83
31,4#5,249
31,4#2,332
31,4#3,83
31,4#1,249
31,16#3,332
31,16#4,1826
31,16#6,83
31,17#2,1079
31,17#5,664
31,17#4,83
31,11#8,3237
31,11#3,249
31,11#2,332
31,11#1,249
31,11#7,498
31,11#6,249
31,11#4,2656
31,19#3,2241
31,19#2,83
31,19#1,415
31,19#4,249
31,14#2,83
31,14#3,249
31,6,830
31,4#11,249
31,4#13,1079
31,4#14,332
31,4#16,83
31,4#17,332
31,4#18,830
31,3#1,3652
31,3#3,83
31,11,830
31,15,1909
31,14,166
31,17,166
31,16,1660
31,19,17513
31,6#4,83
31,2#12,249
31,2#10,332
31,2#11,83
31,20#7,2158
31,20#5,830
31,20#4,1162
31,20#2,332
31,20#1,3071
31,16#12,747
31,16#10,1577
31,16#11,415
31,20#8,3901
31,23#3,83
31,23#5,83
31,22#1,83
31,22#3,664
31,22#2,581
31,22#5,166
31,22#4,747
31,25#8,83
31,25#9,1162
31,25#3,83
31,25#7,249
31,24#2,249
31,24#1,4482
31,13#4,2988
31,2#5,166
31,2#6,166
31,2#7,83
31,2#2,747
31,21#2,332
32,20#7,1494
32,20#5,249
32,20#4,1660
32,8#4,747
32,20#1,1494
32,16#12,332
32,16#10,581
32,20#8,3818
32,23#3,83
32,23#5,415
32,5#3,83
32,22#2,166
32,22#4,249
32,20#2,249
32,19#3,1909
32,25,249
32,19#1,2573
32,25#9,1411
32,20,1162
32,5#1,83
32,22,83
32,19#4,415
32,17#5,332
32,25#6,83
32,25#7,166
32,14#6,166
32,16#4,2075
32,4,581
32,7,1743
32,6,1245
32,24#2,332
32,24#1,830
32,15#7,166
32,15#6,415
32,15#3,1660
32,15#2,1079
32,4#8,166
32,4#9,332
32,4#7,83
32,4#5,166
32,4#2,332
32,25#8,332
32,4#1,249
32,8#2,664
32,4#11,83
32,16#2,83
32,16#3,166
32,4#14,664
32,17,83
32,4#16,166
32,4#18,664
32,8#3,166
32,17#2,498
32,3#1,3818
32,17#4,83
32,3#3,249
32,14,83
32,11,83
32,1#2,83
32,15,581
32,1#6,166
32,1#5,747
32,16,3154
32,19,13363
32,2#5,166
32,2#7,332
32,2#2,166
32,6#1,166
32,1#11,581
32,11#8,1826
32,25#3,166
32,13#4,1577
32,11#1,83
32,1#8,249
32,2#12,83
32,11#6,498
32,2#10,166
32,11#4,581
33,4#16,83
33,24,249
33,25,498
33,20,4648
33,22,664
33,23,166
33,4,1826
33,5#3,249
33,5#1,747
33,8#2,498
33,8#3,581
33,8#1,83
33,8#4,581
33,1#2,166
33,1#5,2407
33,1#9,166
33,1#8,1162
33,14#10,83
33,4#8,83
33,7,2573
33,15#7,332
33,15#6,747
33,15#3,2324
33,15#2,415
33,15#1,83
33,4#9,249
33,4#6,83
33,4#7,166
33,4#5,664
33,4#2,747
33,4#1,83
33,16#3,415
33,16#4,1411
33,17#3,83
33,17#2,1826
33,17#5,1577
33,17#4,166
33,7#1,83
33,11#8,5146
33,11#3,498
33,13#4,1494
33,11#1,332
33,11#7,332
33,11#6,996
33,11#5,83
33,11#4,2324
33,19#3,2822
33,19#2,664
33,19#1,1162
33,19#4,166
33,14#6,166
33,14#3,249
33,6,2241
33,14#8,249
33,4#10,83
33,4#11,249
33,4#13,332
33,4#14,581
33,1#11,332
33,4#17,332
33,4#18,498
33,3#1,3486
33,3#3,83
33,11,913
33,15,996
33,14,166
33,17,498
33,16,1909
33,19,8881
33,6#1,581
33,6#2,83
33,6#4,166
33,2#12,498
33,2#10,498
33,20#7,6142
33,20#6,83
33,20#5,913
33,20#4,1577
33,20#2,747
33,20#1,3071
33,16#12,581
33,16#10,1162
33,16#11,664
33,20#8,8466
33,23#1,83
33,23#3,83
33,22#1,166
33,22#3,83
33,22#2,830
33,22#4,498
33,25#8,249
33,25#9,1328
33,25#6,83
33,25#7,830
33,1,332
33,24#2,332
33,24#1,1992
33,11#2,166
33,2#4,166
33,2#5,249
33,2#6,83
33,2#7,332
33,2#1,83
33,2#2,1577
33,21#2,249
34,4#16,83
34,1#10,83
34,24,166
34,25,166
34,20,1577
34,22,415
34,4,249
34,5#3,83
34,5#1,1743
34,8#2,664
34,8#3,83
34,8#4,415
34,1#3,83
34,1#2,166
34,1#6,83
34,1#5,249
34,1#9,83
34,1#8,166
34,14#10,83
34,7,2075
34,15#7,664
34,15#6,498
34,15#3,332
34,15#2,498
34,4#8,332
34,4#9,249
34,4#6,83
34,4#5,249
34,4#2,2158
34,4#1,83
34,16#3,166
34,16#4,830
34,16#8,166
34,17#2,1162
34,17#5,332
34,17#4,83
34,11#8,6889
34,11#3,415
34,13#4,1826
34,11#1,166
34,13#6,166
34,11#7,249
34,11#6,1328
34,11#5,83
34,11#4,2822
34,19#3,1743
34,19#2,996
34,19#1,830
34,19#4,166
34,14#6,83
34,14#3,83
34,6,2324
34,14#8,166
34,4#10,83
34,4#11,83
34,4#14,664
34,1#11,581
34,4#17,249
34,4#18,166
34,3#1,1992
34,3#3,166
34,11,2905
34,15,664
34,14,166
34,17,332
34,16,498
34,19,12367
34,2#12,1245
34,2#13,581
34,2#10,415
34,20#7,1079
34,20#6,83
34,20#5,581
34,20#4,1909
34,20#2,664
34,20#1,3403
34,16#12,1162
34,16#10,664
34,16#11,166
34,20#8,6059
34,23#1,83
34,22#2,83
34,22#5,415
34,22#4,415
34,22#6,83
34,25#9,913
34,25#7,332
34,24#2,166
34,24#1,830
34,13#5,166
34,2#6,415
34,2#7,166
34,2#1,83
34,2#2,166
34,2#3,249
35,1#11,83
35,4#17,249
35,24,166
35,25,249
35,20,2075
35,22,83
35,4,830
35,5#3,83
35,5#1,498
35,8#2,83
35,8#3,83
35,8#4,332
35,1#2,83
35,1#1,83
35,1#6,83
35,1#5,498
35,1#8,249
35,7,2490
35,15#7,332
35,15#6,664
35,15#4,249
35,15#3,1577
35,15#2,664
35,15#1,166
35,4#9,249
35,4#7,166
35,4#5,83
35,4#2,332
35,4#1,249
35,16#2,83
35,16#3,166
35,16#4,1909
35,16#6,83
35,17#2,747
35,17#5,498
35,17#4,166
35,11#8,2075
35,11#3,415
35,11#2,166
35,11#7,332
35,11#6,1494
35,11#5,83
35,11#4,2988
35,19#3,1577
35,19#2,166
35,19#1,664
35,19#4,747
35,14#6,83
35,14#2,83
35,14#3,83
35,6,1328
35,4#10,249
35,4#11,83
35,4#14,83
35,4#16,83
35,1#10,83
35,4#18,249
35,3#1,3486
35,3#3,83
35,11,1494
35,12,83
35,15,747
35,17,249
35,16,830
35,19,10707
35,6#1,83
35,6#2,83
35,6#4,83
35,2#12,415
35,2#13,415
35,2#10,83
35,20#7,3154
35,20#5,166
35,20#4,1162
35,20#2,498
35,20#1,1743
35,16#12,830
35,16#10,415
35,16#11,415
35,20#8,2739
35,23#1,83
35,23#5,415
35,22#2,166
35,22#5,166
35,22#4,166
35,25#9,581
35,25#7,415
35,1,83
35,24#3,83
35,24#2,332
35,24#1,747
35,13#4,498
35,2#4,83
35,2#5,249
35,2#6,332
35,2#7,332
35,2#1,166
35,2#2,83
35,2#3,83
36,20#7,166
36,25#3,83
36,20#5,332
36,20#4,249
36,20#2,415
36,20#1,1328
36,16#12,83
36,16#10,166
36,16#11,1245
36,4#11,83
36,20#8,1079
36,15#3,166
36,22#3,83
36,2#3,83
36,19#3,747
36,25,83
36,19#1,415
36,25#9,249
36,20,1079
36,22,83
36,19#4,415
36,17#5,166
36,25#7,166
36,1,83
36,3,83
36,6#3,83
36,4,415
36,7,2075
36,6,747
36,24#3,415
36,24#2,166
36,24#1,830
36,15#7,83
36,15#6,83
36,4#17,249
36,5#3,415
36,15#2,332
36,5#1,249
36,4#9,83
36,4#14,83
36,4#2,249
36,25#8,249
36,4#1,166
36,8#2,664
36,8#3,83
36,16#3,166
36,16#4,166
36,1#11,581
36,24,166
36,4#18,498
36,17#2,664
36,3#1,1245
36,17#4,83
36,11,1245
36,4#16,83
36,15,249
36,17,83
36,1#5,332
36,16,166
36,19,4897
36,2#12,747
36,2#6,83
36,1#8,415
36,1#3,83
36,2#1,83
36,2#2,83
36,2#13,332
36,6#1,83
36,11#8,3569
36,13#8,83
36,2#5,83
36,11#3,249
36,13#4,4067
36,13#6,83
36,11#7,415
36,11#6,1079
36,2#10,249
36,11#4,4565
37,4#16,166
37,1#10,332
37,24,1411
37,25,1826
37,20,37433
37,22,2324
37,23,2241
37,4,9628
37,5#4,83
37,5#3,2739
37,5#1,3984
37,8#2,6474
37,8#3,3237
37,8#1,249
37,8#4,3818
37,1#3,83
37,1#2,1079
37,1#1,166
37,1#7,166
37,1#5,10458
37,1#4,249
37,1#9,83
37,1#8,2739
37,14#10,249
37,4#8,83
37,3,166
37,7,6640
37,15#7,1494
37,15#6,3154
37,15#4,249
37,15#3,4814
37,15#2,3320
37,15#1,83
37,4#9,1992
37,4#6,830
37,4#7,498
37,4#4,83
37,4#5,3403
37,4#2,1743
37,4#3,1577
37,4#1,747
37,16#3,581
37,16#4,4980
37,16#8,83
37,17#3,498
37,17#2,10375
37,17#5,11122
37,17#4,2573
37,11#8,33781
37,13#8,498
37,11#3,6557
37,13#4,18343
37,11#1,1826
37,13#6,83
37,11#7,3486
37,11#6,12782
37,11#5,1494
37,11#4,42828
37,17#1,83
37,19#3,21331
37,19#2,498
37,19#1,1411
37,19#4,2324
37,15#8,166
37,14#6,249
37,14#7,83
37,14#2,83
37,14#3,415
37,6,7221
37,14#8,83
37,14#9,166
37,4#10,3237
37,4#11,3486
37,4#12,83
37,4#13,2905
37,4#14,1909
37,1#11,2822
37,4#17,2075
37,4#18,2158
37,3#1,5644
37,3#3,166
37,3#2,249
37,11,13363
37,12,83
37,15,3735
37,14,249
37,17,1411
37,16,5312
37,19,72044
37,6#1,1743
37,6#2,747
37,6#3,996
37,6#4,166
37,2#12,7968
37,2#13,1577
37,2#10,2656
37,2#11,332
37,20#7,45982
37,20#6,415
37,20#5,3403
37,20#4,7802
37,20#2,6308
37,20#1,9130
37,16#12,3403
37,16#10,11371
37,16#11,10209
37,20#8,61005
37,23#1,166
37,23#3,332
37,23#4,83
37,23#5,664
37,22#1,830
37,22#3,1162
37,22#2,1909
37,22#5,83
37,22#4,1577
37,25#8,1909
37,25#9,5561
37,25#2,332
37,25#3,498
37,25#6,332
37,25#7,2490
37,25#5,249
37,1,2656
37,5,498
37,24#3,332
37,24#2,6723
37,24#1,77024
37,13#5,83
37,11#2,4482
37,2#4,166
37,2#5,913
37,2#6,3237
37,2#7,996
37,2#1,415
37,2#2,7387
37,2#3,332
37,21#1,83
38,1#11,415
38,1#10,83
38,24,83
38,25,332
38,20,4067
38,22,1079
38,23,83
38,4,1494
38,5#3,332
38,5#1,249
38,8#2,830
38,8#3,166
38,8#4,913
38,1#2,332
38,1#1,83
38,1#7,83
38,1#6,415
38,1#5,913
38,1#8,415
38,15#1,166
38,7,2656
38,15#7,415
38,15#6,498
38,15#3,1411
38,15#2,747
38,4#8,166
38,4#9,249
38,4#7,83
38,4#5,498
38,4#2,664
38,4#3,249
38,15#8,83
38,16#2,249
38,16#3,249
38,16#4,1162
38,16#8,166
38,4#1,166
38,17#5,1162
38,17#4,249
38,7#2,83
38,11#8,3486
38,11#3,83
38,11#2,249
38,11#1,83
38,13#6,83
38,11#7,249
38,11#6,1245
38,11#5,249
38,11#4,3569
38,19#3,4150
38,19#2,166
38,19#1,2822
38,17#2,747
38,19#4,332
38,14#6,249
38,14#3,249
38,6,1328
38,4#10,332
38,4#11,332
38,4#13,747
38,4#14,415
38,4#16,332
38,4#17,830
38,4#18,415
38,3#1,3071
38,3#3,83
38,3#2,83
38,11,1411
38,15,1162
38,14,83
38,17,332
38,16,2324
38,19,15272
38,6#1,83
38,6#4,83
38,2#12,498
38,2#10,747
38,2#11,166
38,20#7,3154
38,20#6,166
38,20#5,664
38,20#4,1411
38,20#2,1079
38,20#1,2656
38,16#12,747
38,16#10,581
38,20#8,7221
38,23#1,166
38,23#4,166
38,23#5,332
38,22#3,166
38,22#2,498
38,22#5,166
38,22#4,581
38,25#8,83
38,25#9,581
38,25#7,498
38,1,332
38,24#2,415
38,24#1,1992
38,13#5,83
38,13#4,2241
38,2#4,83
38,2#5,249
38,2#6,83
38,2#7,83
38,2#1,83
38,2#2,1411
38,2#3,83
38,21#2,83
38,21#1,83
39,1#11,249
39,25,415
39,20,2905
39,22,415
39,4,498
39,5#3,83
39,8#2,581
39,8#3,166
39,8#4,830
39,1#2,166
39,1#5,498
39,1#4,83
39,1#9,83
39,1#8,415
39,7,1909
39,15#7,166
39,15#6,249
39,15#4,83
39,15#3,1162
39,15#2,249
39,4#8,83
39,4#5,415
39,4#2,166
39,15#8,83
39,16#1,83
39,16#3,332
39,16#4,581
39,16#7,249
39,4#1,249
39,17#5,332
39,11#8,2158
39,13#4,1162
39,11#1,83
39,13#1,83
39,11#6,581
39,13#3,83
39,11#4,1660
39,19#3,830
39,19#1,1992
39,17#2,747
39,19#4,83
39,14#6,332
39,14#2,166
39,14#3,83
39,6,498
39,4#10,83
39,4#11,166
39,4#13,83
39,4#14,581
39,4#16,332
39,4#17,83
39,4#18,581
39,3#1,2656
39,3#3,83
39,11,498
39,15,581
39,17,166
39,16,415
39,19,7470
39,2#12,581
39,2#10,332
39,20#7,4482
39,20#5,747
39,20#4,2241
39,20#2,498
39,20#1,1494
39,16#12,913
39,16#11,83
39,20#8,13114
39,23#5,166
39,22#1,83
39,22#3,83
39,22#2,249
39,22#5,249
39,22#4,249
39,25#9,830
39,25#7,747
39,1,83
39,24#3,83
39,24#2,83
39,24#1,498
39,11#2,498
39,2#5,415
39,2#7,83
39,2#1,83
39,2#2,249
40,20#7,581
40,20#6,83
40,20#5,332
40,20#4,166
40,20#2,415
40,20#1,1992
40,16#12,581
40,16#10,498
40,16#11,332
40,20#8,498
40,16#8,83
40,23#5,83
40,16#3,332
40,22#2,332
40,4#5,83
40,22#4,332
40,19#3,996
40,1,166
40,19#1,664
40,25#9,664
40,20,581
40,22,83
40,19#4,415
40,17#5,166
40,25#7,332
40,14#6,332
40,6#3,83
40,4,747
40,7,1992
40,6,166
40,24#1,1494
40,14#3,332
40,15#7,83
40,24,83
40,5#4,166
40,15#3,415
40,15#2,166
40,5#1,249
40,19#2,332
40,4#14,166
40,4#2,166
40,4#3,166
40,17#2,332
40,4#11,166
40,4#13,249
40,16#4,996
40,8#4,166
40,4#17,332
40,4#18,498
40,13#4,747
40,3#1,4482
40,17#4,83
40,11,249
40,8#2,249
40,1#10,83
40,15,249
40,23,83
40,1#5,249
40,16,249
40,19,8134
40,2#5,415
40,2#6,83
40,1#8,83
40,2#2,83
40,2#4,83
40,1#11,83
40,11#8,1743
40,25,83
40,11#3,166
40,11#2,415
40,11#1,83
40,2#11,166
40,11#7,332
40,11#6,498
40,2#10,498
40,11#4,1162
41,24,415
41,25,249
41,20,1162
41,22,83
41,23,83
41,4,747
41,5#4,83
41,5#3,166
41,5#1,415
41,8#2,332
41,8#3,166
41,8#4,332
41,1#6,249
41,1#5,664
41,1#4,83
41,7,2158
41,15#7,166
41,15#6,664
41,15#4,498
41,15#3,1328
41,15#2,664
41,15#1,166
41,4#5,166
41,4#2,415
41,4#3,83
41,4#1,83
41,16#3,249
41,16#4,1992
41,17#2,415
41,17#4,83
41,7#1,83
41,11#8,2573
41,13#5,83
41,13#4,581
41,11#7,249
41,11#6,166
41,11#4,332
41,19#3,1328
41,19#2,249
41,19#1,830
41,19#4,747
41,14#2,166
41,14#3,249
41,6,664
41,4#10,166
41,4#13,83
41,4#14,332
41,4#16,166
41,4#17,581
41,4#18,1079
41,3#1,3071
41,3#3,83
41,11,166
41,15,498
41,14,83
41,16,830
41,19,9213
41,6#2,83
41,2#12,581
41,2#10,332
41,20#7,1909
41,20#5,332
41,20#4,830
41,20#2,498
41,20#1,830
41,16#12,1079
41,16#10,415
41,16#11,1162
41,20#8,1826
41,23#5,166
41,22#3,83
41,22#2,332
41,22#5,83
41,22#4,332
41,25#9,664
41,25#7,664
41,25#5,166
41,1,332
41,5,166
41,24#2,249
41,24#1,1079
41,11#2,332
41,2#5,166
41,2#6,249
41,2#7,166
41,2#1,83
41,2#2,830
41,21#2,830
42,4#16,83
42,1#10,83
42,3#5,83
42,24,498
42,25,1245
42,20,34362
42,22,6557
42,23,747
42,4,7636
42,5#3,996
42,5#1,664
42,8#2,3818
42,8#3,996
42,8#1,249
42,8#4,2490
42,1#3,249
42,1#2,498
42,1#1,83
42,1#7,83
42,1#6,83
42,1#5,11122
42,1#4,83
42,1#8,2324
42,15#1,83
42,4#1,581
42,3,166
42,7,6391
42,15#7,1245
42,15#6,1992
42,15#4,581
42,15#3,3154
42,15#2,913
42,4#8,415
42,4#9,1660
42,4#6,664
42,4#7,332
42,4#5,1909
42,4#2,4648
42,4#3,332
42,15#8,166
42,16#1,83
42,16#3,581
42,16#4,3652
42,16#8,166
42,16#9,249
42,17#2,9628
42,17#5,3818
42,17#4,830
42,7#2,249
42,11#8,23655
42,13#8,664
42,11#3,996
42,13#4,6889
42,11#1,332
42,13#6,249
42,11#7,1992
42,11#6,4814
42,11#5,249
42,11#4,19588
42,19#3,15272
42,19#2,249
42,19#1,4980
42,19#4,1328
42,14#6,498
42,14#3,747
42,6,12035
42,14#8,166
42,4#10,1743
42,4#11,913
42,4#13,996
42,4#14,2573
42,1#11,2324
42,4#17,2158
42,4#18,1494
42,3#1,4150
42,3#3,83
42,3#2,83
42,11,7885
42,15,2324
42,17,1743
42,16,7387
42,19,54863
42,6#1,1494
42,6#2,1162
42,6#3,83
42,6#4,83
42,2#12,1411
42,2#13,83
42,2#10,2656
42,20#7,11205
42,20#6,498
42,20#5,2822
42,20#4,7802
42,20#2,3071
42,20#1,13363
42,16#12,1909
42,16#10,3486
42,16#11,3984
42,20#8,47808
42,23#1,166
42,23#3,166
42,23#5,581
42,23#6,166
42,22#1,664
42,22#3,1660
42,22#2,2407
42,22#5,1577
42,22#4,3735
42,22#6,166
42,25#8,996
42,25#9,5063
42,25#2,332
42,25#6,249
42,25#7,1577
42,1,996
42,24#2,1660
42,24#1,13695
42,13#5,83
42,11#2,664
42,2#4,249
42,2#5,747
42,2#6,332
42,2#7,332
42,2#2,2241
42,2#3,83
43,20#7,249
43,20#5,83
43,2#7,166
43,20#2,747
43,20#1,996
43,16#12,1245
43,16#10,2158
43,16#11,415
43,20#8,249
43,15#4,83
43,23#5,83
43,5#3,83
43,1,83
43,22#5,83
43,1#4,166
43,19#3,2075
43,25,415
43,19#1,415
43,25#9,83
43,20,83
43,19#4,332
43,3#1,2739
43,21#1,83
43,25#6,83
43,25#7,249
43,14#6,913
43,14#7,5312
43,4,664
43,7,2324
43,6,83
43,24#1,249
43,14#8,83
43,14#3,249
43,15#7,415
43,15#6,249
43,5#4,83
43,15#3,415
43,15#2,249
43,5#1,83
43,19#2,498
43,4#7,1162
43,4#16,166
43,4#14,83
43,4#2,249
43,4#1,83
43,8#2,249
43,16#2,166
43,16#4,1079
43,8#4,166
43,4#17,664
43,4#18,83
43,1#7,83
43,17#2,83
43,17#5,166
43,1#6,249
43,11,332
43,1#2,83
43,1#1,332
43,24,83
43,15,332
43,14,4731
43,16,415
43,19,8051
43,11#7,332
43,2#6,83
43,1#8,332
43,14#10,415
43,1#11,83
43,11#8,2324
43,21#2,415
43,13#8,83
43,2#5,83
43,13#4,913
43,11#1,498
43,14#9,249
43,2#12,249
43,2#13,166
43,2#10,332
43,11#4,166
44,20#7,581
44,20#5,83
44,20#4,415
44,20#2,166
44,20#1,664
44,16#12,332
44,16#10,747
44,16#11,498
44,20#8,913
44,11#7,83
44,23#5,166
44,22#1,83
44,22#5,83
44,22#4,83
44,19#3,830
44,25,83
44,19#1,1162
44,25#9,664
44,20,249
44,22,249
44,19#4,581
44,17#5,83
44,25#7,332
44,14#6,166
44,3,83
44,14#2,249
44,4,581
44,7,2158
44,6,166
44,24#2,747
44,24#1,996
44,14#3,83
44,15#6,83
44,5#4,83
44,15#3,913
44,15#2,664
44,8#4,332
44,4#16,83
44,4#2,83
44,15#8,83
44,8#2,332
44,8#3,166
44,16#2,83
44,16#3,83
44,16#4,1660
44,1#11,332
44,4#17,332
44,4#18,415
44,15,332
44,17#3,83
44,4#1,166
44,3#1,3403
44,3#3,83
44,11,166
44,1#2,83
44,2#8,83
44,1#5,83
44,16,1577
44,19,8964
44,2#5,249
44,2#7,249
44,11#8,581
44,21#2,83
44,21#1,83
44,13#4,747
44,2#12,166
44,11#6,83
44,2#10,249
45,20#7,166
45,20#2,83
45,16#12,1328
45,16#10,83
45,16#11,415
45,20#8,83
45,19#3,1494
45,19#1,332
45,20,83
45,1,83
45,7,747
45,24#1,332
45,15#6,83
45,4#17,83
45,4#9,83
45,4#2,83
45,4#1,83
45,8#2,249
45,16#3,83
45,16#4,332
45,24,83
45,3#1,332
45,11,83
45,7#2,83
45,1#6,83
45,16,498
45,19,6308
45,13#8,166
45,13#4,4067
45,11#6,83
46,4#16,332
46,1#10,249
46,24,664
46,25,1494
46,20,17596
46,22,2490
46,23,498
46,4,5644
46,8,83
46,5#4,83
46,5#3,1909
46,5#1,3652
46,8#2,5810
46,8#3,664
46,8#1,83
46,8#4,2573
46,1#3,249
46,1#2,1328
46,1#1,166
46,1#7,83
46,1#5,7304
46,1#4,166
46,1#8,3154
46,14#10,83
46,3,83
46,7,5810
46,15#7,498
46,15#6,1494
46,15#5,83
46,15#4,83
46,15#3,2656
46,15#2,1328
46,4#8,332
46,4#9,2241
46,4#6,581
46,4#7,498
46,4#4,83
46,4#5,3486
46,4#2,2324
46,4#3,1162
46,4#1,415
46,16#3,166
46,16#4,4731
46,16#6,83
46,17#3,249
46,17#2,8798
46,17#5,6557
46,17#4,2822
46,7#2,83
46,11#8,31374
46,13#8,1162
46,11#3,5561
46,11#2,3569
46,11#1,332
46,13#6,498
46,11#7,2905
46,11#6,12865
46,11#5,1577
46,11#4,32785
46,19#3,16517
46,19#2,166
46,19#1,2739
46,19#4,3071
46,14#6,498
46,14#3,249
46,6,9130
46,14#8,83
46,4#10,1577
46,4#11,2075
46,4#13,2158
46,4#14,2656
46,1#11,1909
46,4#17,1826
46,4#18,1909
46,3#1,3818
46,3#3,83
46,3#2,166
46,11,13529
46,15,2324
46,14,83
46,17,2324
46,16,5146
46,19,52290
46,6#1,1079
46,6#2,996
46,6#3,415
46,6#4,664
46,2#12,4980
46,2#13,2241
46,2#10,1577
46,2#11,166
46,20#7,6889
46,20#5,2573
46,20#4,6972
46,20#2,3818
46,20#1,10043
46,16#12,1162
46,16#10,7968
46,16#11,5644
46,20#8,39010
46,23#1,332
46,23#3,498
46,23#5,249
46,22#1,747
46,22#3,166
46,22#2,1245
46,22#5,498
46,22#4,1245
46,22#6,166
46,25#8,830
46,25#9,5063
46,25#2,166
46,25#3,249
46,25#6,83
46,25#7,1162
46,1,2075
46,5,249
46,24#3,581
46,24#2,4648
46,24#1,38678
46,13#4,11039
46,2#4,249
46,2#5,415
46,2#6,747
46,2#7,747
46,2#1,83
46,2#2,4980
46,2#3,498
46,21#2,83
47,4#16,83
47,24,83
47,25,332
47,20,1743
47,22,498
47,4,747
47,8,83
47,5#4,83
47,5#3,332
47,5#1,166
47,8#2,1162
47,8#4,1079
47,1#3,249
47,1#2,249
47,1#6,249
47,1#5,2407
47,1#9,83
47,1#8,249
47,7,3735
47,15#7,415
47,15#6,830
47,15#4,166
47,15#3,830
47,15#2,415
47,4#6,83
47,4#5,166
47,4#2,830
47,4#3,83
47,4#1,249
47,16#2,166
47,16#3,415
47,16#4,1245
47,16#8,83
47,15#8,166
47,17#5,1079
47,11#8,6142
47,13#8,332
47,11#3,249
47,13#4,1660
47,11#1,83
47,13#6,166
47,11#7,332
47,11#6,830
47,11#5,83
47,11#4,3486
47,19#3,1826
47,19#2,498
47,19#1,747
47,17#2,415
47,19#4,166
47,14#6,83
47,14#7,83
47,6,4233
47,14#8,83
47,4#11,332
47,4#13,166
47,4#14,498
47,1#11,332
47,4#17,166
47,4#18,498
47,3#1,3984
47,11,1245
47,15,747
47,17,83
47,16,498
47,19,10458
47,6#1,83
47,6#2,166
47,2#10,830
47,20#7,1079
47,20#5,2075
47,20#4,1079
47,20#2,913
47,20#1,3652
47,16#12,1079
47,16#10,2241
47,16#11,249
47,20#8,5395
47,23#3,83
47,23#5,332
47,22#2,332
47,22#5,332
47,22#4,332
47,25#8,83
47,25#9,1826
47,25#7,332
47,1,415
47,24#2,498
47,24#1,1660
47,13#5,249
47,11#2,166
47,2#5,415
47,2#6,83
47,2#7,83
47,2#2,166
48,4#16,1079
48,1#10,166
48,24,7304
48,25,3652
48,20,154297
48,22,1826
48,23,3735
48,4,20501
48,8,664
48,5#4,83
48,5#3,3486
48,5#1,4316
48,8#2,14276
48,8#3,7304
48,8#1,581
48,8#4,9047
48,1#3,1411
48,1#2,1577
48,1#1,581
48,1#7,166
48,1#6,83
48,1#5,14193
48,1#4,581
48,1#8,6640
48,14#10,498
48,3,83
48,7,12284
48,15#7,4316
48,15#6,7885
48,15#4,747
48,15#3,12201
48,15#2,8051
48,15#1,83
48,4#9,4482
48,4#6,913
48,4#7,1245
48,4#4,332
48,4#5,5312
48,4#2,8134
48,4#3,1660
48,4#1,996
48,16#2,83
48,16#3,581
48,16#4,8383
48,17#1,166
48,16#9,581
48,17#3,415
48,17#2,11205
48,17#5,13363
48,17#4,4316
48,7#2,83
48,10#1,25
48,11#8,41417
48,13#8,14857
48,11#3,7304
48,11#2,4731
48,11#1,2324
48,13#6,166
48,11#7,2324
48,11#6,17430
48,11#5,498
48,11#4,52290
48,19#3,43658
48,19#2,1162
48,19#1,747
48,19#4,1660
48,15#8,166
48,14#6,747
48,14#7,166
48,14#2,166
48,14#3,1245
48,6,16766
48,14#8,166
48,4#10,6557
48,4#11,4565
48,4#12,83
48,4#13,5561
48,4#14,3403
48,1#11,2075
48,4#17,3735
48,4#18,3486
48,3#1,2490
48,3#3,415
48,3#2,249
48,11,14276
48,15,14608
48,14,664
48,17,2490
48,16,18011
48,19,96944
48,6#1,1992
48,6#2,1328
48,6#3,2573
48,6#4,1328
48,2#12,8964
48,2#13,913
48,2#10,2656
48,2#11,332
48,20#7,33200
48,20#6,830
48,20#5,9794
48,20#4,10043
48,20#2,10043
48,20#1,10375
48,16#12,2407
48,16#10,26975
48,16#11,10956
48,20#8,126077
48,23#1,83
48,23#2,83
48,23#3,1411
48,23#4,249
48,23#5,3237
48,23#6,664
48,22#1,1079
48,22#3,166
48,22#2,1909
48,22#5,498
48,22#4,996
48,25#8,1328
48,25#9,6640
48,25#2,83
48,25#3,913
48,25#1,83
48,25#6,830
48,25#7,3071
48,25#5,498
48,1,5312
48,5,249
48,24#3,1245
48,24#2,14110
48,24#1,290832
48,13#4,70716
48,2#4,581
48,2#5,1245
48,2#6,3569
48,2#7,747
48,2#1,249
48,2#2,6972
48,2#3,664
48,21#1,249
49,1#11,83
49,25,83
49,20,830
49,22,415
49,4,581
49,5#4,83
49,8#2,249
49,8#3,166
49,8#4,415
49,8#5,83
49,1#6,581
49,1#5,498
49,1#8,83
49,14#10,83
49,7,830
49,15#7,166
49,15#6,830
49,15#4,83
49,15#3,1909
49,15#2,1079
49,4#8,166
49,4#9,249
49,4#6,83
49,4#5,83
49,4#2,249
49,4#1,83
49,16#2,83
49,16#3,249
49,16#4,415
49,16#5,166
49,16#8,415
49,17#3,83
49,17#2,747
49,17#5,415
49,17#4,166
49,7#2,249
49,11#8,1826
49,13#8,83
49,11#3,83
49,13#4,166
49,13#6,498
49,11#7,249
49,11#6,581
49,11#4,913
49,19#3,1162
49,19#2,166
49,19#1,747
49,14#6,83
49,14#3,249
49,6,581
49,4#10,166
49,4#14,415
49,4#16,415
49,4#17,332
49,4#18,913
49,3#1,2656
49,3#3,166
49,11,166
49,15,664
49,14,83
49,17,83
49,16,332
49,19,7553
49,6#1,83
49,2#12,83
49,2#10,498
49,20#7,3237
49,20#5,664
49,20#4,1328
49,20#2,581
49,20#1,913
49,16#12,664
49,16#10,166
49,20#8,2573
49,22#2,332
49,22#5,83
49,22#4,664
49,25#9,581
49,25#7,415
49,1,83
49,24#1,249
49,13#5,332
49,2#4,83
49,2#5,83
49,2#6,83
49,2#7,249
49,2#2,664
49,21#2,83
49,21#1,83
50,4#16,83
50,25,332
50,20,913
50,22,249
50,23,83
50,4,415
50,5#3,83
50,5#1,166
50,8#2,332
50,8#3,83
50,8#4,415
50,1#3,83
50,1#2,249
50,1#1,83
50,1#6,83
50,1#5,581
50,1#8,166
50,7,2822
50,15#7,249
50,15#6,415
50,15#3,1162
50,15#2,1245
50,4#8,166
50,4#9,83
50,4#5,166
50,4#2,83
50,4#3,83
50,4#1,166
50,16#3,249
50,16#4,747
50,17#2,415
50,17#5,747
50,7#2,83
50,11#8,2324
50,13#5,83
50,13#4,1743
50,13#6,166
50,11#6,498
50,11#4,747
50,19#3,1992
50,19#2,415
50,19#1,415
50,19#4,332
50,14#6,332
50,14#3,166
50,6,581
50,4#13,249
50,4#14,249
50,1#11,166
50,4#17,83
50,4#18,581
50,3#1,2739
50,3#3,332
50,11,249
50,15,664
50,14,83
50,16,1577
50,19,10624
50,2#12,166
50,2#10,249
50,2#11,83
50,20#7,3818
50,20#6,166
50,20#5,332
50,20#4,1328
50,20#2,415
50,20#1,996
50,16#12,332
50,16#10,166
50,16#11,83
50,20#8,3901
50,23#5,249
50,22#3,83
50,22#2,332
50,22#4,249
50,25#8,83
50,25#9,747
50,25#7,249
50,1,83
50,24#2,249
50,24#1,1245
50,2#4,83
50,2#5,332
50,2#6,83
50,2#7,166
50,2#1,83
50,2#2,166
50,21#1,83
51,4#16,1577
51,1#10,332
51,24,3486
51,25,15272
51,20,197125
51,22,1162
51,23,13612
51,4,44903
51,8,3818
51,5#3,10292
51,5#1,10873
51,8#2,28718
51,8#3,33781
51,8#1,1245
51,8#4,23489
51,8#5,166
51,1#3,2988
51,1#2,6557
51,1#1,1079
51,1#7,747
51,1#5,36686
51,1#4,1411
51,1#9,166
51,1#8,19920
51,14#10,747
51,15#1,249
51,3,83
51,7,34860
51,15#7,12616
51,15#6,18924
51,15#5,249
51,15#4,2407
51,15#3,47144
51,15#2,30793
51,4#8,1079
51,4#9,8798
51,4#6,1079
51,4#7,6225
51,4#4,332
51,4#5,16102
51,4#2,11371
51,4#3,2822
51,4#1,1909
51,16#1,249
51,16#2,332
51,16#3,498
51,16#4,12782
51,16#6,249
51,17#1,913
51,16#9,415
51,17#3,1826
51,17#2,34030
51,17#5,47725
51,17#4,14857
51,7#2,166
51,11#8,98355
51,13#8,25730
51,11#3,32287
51,11#2,28967
51,11#1,11537
51,13#6,581
51,11#7,6889
51,11#6,58847
51,11#5,8300
51,11#4,132302
51,19#3,196793
51,19#2,1992
51,19#1,1660
51,19#4,664
51,15#8,332
51,14#6,4150
51,14#7,12699
51,14#2,498
51,14#3,3818
51,6,36437
51,14#8,2075
51,14#9,2739
51,4#10,12367
51,4#11,8051
51,4#12,498
51,4#13,7885
51,4#14,6557
51,1#11,5395
51,4#17,14027
51,4#18,7221
51,3#1,249
51,3#3,664
51,3#2,664
51,11,42496
51,15,28801
51,14,13446
51,17,6059
51,16,46397
51,19,301622
51,18,83
51,6#1,13529
51,6#2,5063
51,6#3,1577
51,6#4,4399
51,2#12,16600
51,2#13,1826
51,2#10,4150
51,2#11,996
51,20#7,29133
51,20#6,2822
51,20#5,12948
51,20#4,15272
51,20#2,26311
51,20#1,21497
51,16#12,2988
51,16#10,61669
51,16#11,26477
51,20#8,373002
51,23#1,1992
51,23#2,1826
51,23#3,3735
51,23#4,1245
51,23#5,3818
51,23#6,6391
51,22#1,1743
51,22#3,1660
51,22#2,1992
51,22#5,415
51,22#4,1079
51,25#8,12201
51,25#9,17679
51,25#2,1079
51,25#3,3818
51,25#1,332
51,25#6,2324
51,25#7,7055
51,25#4,415
51,25#5,664
51,1,10790
51,5,747
51,24#3,747
51,24#2,27888
51,24#1,461563
51,13#5,83
51,13#4,162597
51,13#7,83
51,2#8,249
51,2#4,581
51,2#5,2988
51,2#6,12699
51,2#7,2656
51,2#1,581
51,2#2,21746
51,2#3,1577
51,21#1,83
51,13#2,83
52,20#7,332
52,20#5,83
52,20#2,83
52,20#1,581
52,16#12,581
52,20#8,332
52,23#5,83
52,22#4,166
52,24,83
52,25,332
52,19#1,83
52,25#9,581
52,20,83
52,22,166
52,23,83
52,17#5,166
52,25#7,166
52,1,249
52,4,498
52,7,1079
52,6,166
52,24#1,249
52,14#3,83
52,15#6,166
52,15#3,498
52,15#2,249
52,19#2,83
52,4#6,83
52,4#1,83
52,8#2,83
52,4#12,166
52,16#3,249
52,16#4,415
52,8#4,166
52,4#17,83
52,4#18,249
52,13#4,83
52,3#1,3154
52,15,332
52,1#6,83
52,1#5,249
52,16,249
52,19,2573
52,17#2,83
52,1#9,83
52,11#2,83
52,11#8,664
52,21#2,581
52,4#14,83
52,11#6,83
52,2#10,166
52,11#4,166
53,20#7,249
53,20#4,83
53,20#2,498
53,20#1,1079
53,16#12,1328
53,16#10,83
53,16#11,747
53,4#11,83
53,20#8,415
53,11#7,83
53,23#5,83
53,15#3,913
53,22#3,249
53,22#5,83
53,22#4,332
53,14#6,166
53,24,664
53,25,249
53,19#1,581
53,25#9,332
53,20,249
53,22,249
53,19#4,664
53,17#5,166
53,25#7,249
53,1,166
53,1#6,83
53,4,664
53,7,2988
53,6,166
53,24#2,581
53,24#1,2407
53,14#8,83
53,15#7,166
53,15#6,415
53,4#17,83
53,5#4,249
53,5#3,249
53,15#2,498
53,19#2,83
53,4#13,83
53,4#2,166
53,4#3,166
53,15#8,166
53,8#2,166
53,8#3,166
53,4#12,83
53,16#3,166
53,16#4,1245
53,8#4,332
53,11#2,166
53,4#18,332
53,17#2,83
53,3#1,3403
53,19#3,1245
53,11,249
53,4#10,83
53,15,996
53,1#5,83
53,17,83
53,16,249
53,19,9711
53,2#5,249
53,2#6,83
53,2#7,166
53,14#10,83
53,2#2,498
53,2#13,83
53,6#2,83
53,11#8,2324
53,13#4,1577
53,2#12,498
53,11#6,332
53,2#10,332
53,11#4,415
54,4#16,83
54,1#10,83
54,24,166
54,25,664
54,20,10458
54,22,3735
54,23,83
54,4,1411
54,5#3,83
54,5#1,498
54,8#2,1328
54,8#3,249
54,8#4,1328
54,1#3,249
54,1#2,498
54,1#1,83
54,1#5,2407
54,1#4,83
54,1#9,83
54,1#8,1411
54,4#8,249
54,7,2158
54,15#7,581
54,15#6,581
54,15#4,83
54,15#3,1162
54,15#2,581
54,15#1,83
54,4#9,498
54,4#6,166
54,4#5,332
54,4#2,2490
54,4#3,249
54,4#1,166
54,16#1,83
54,16#3,332
54,16#4,332
54,17#2,1328
54,17#5,1328
54,11#8,7221
54,11#3,1328
54,11#2,747
54,11#1,83
54,11#7,581
54,11#6,2158
54,11#5,249
54,11#4,3818
54,19#3,3901
54,19#2,332
54,19#1,2241
54,19#4,332
54,14#6,83
54,14#2,83
54,14#3,83
54,6,3569
54,4#10,166
54,4#11,415
54,4#14,498
54,1#11,498
54,4#17,415
54,4#18,249
54,3#1,2241
54,3#3,166
54,11,2739
54,15,1494
54,17,249
54,16,2158
54,19,20584
54,6#1,166
54,6#2,498
54,6#4,83
54,2#12,249
54,2#10,747
54,20#7,7304
54,20#6,249
54,20#5,498
54,20#4,2407
54,20#2,830
54,20#1,4233
54,16#12,166
54,16#10,1577
54,20#8,12118
54,23#1,83
54,23#3,166
54,23#6,83
54,22#1,415
54,22#3,5395
54,22#2,1577
54,22#5,1328
54,22#4,2490
54,25#9,1992
54,25#6,249
54,25#7,1079
54,25#5,83
54,1,581
54,24#2,747
54,24#1,2075
54,13#4,2407
54,2#9,83
54,2#5,498
54,2#6,996
54,2#7,581
54,2#2,1162
55,20#7,83
55,20#6,83
55,1#8,83
55,20#2,83
55,15#6,83
55,16#12,249
55,16#10,83
55,16#11,83
55,23#5,83
55,15#3,415
55,22#4,83
55,14#6,83
55,19#3,415
55,25,166
55,19#1,83
55,1,83
55,4,249
55,7,747
55,24#2,83
55,1#3,83
55,15#4,83
55,5#3,83
55,15#2,332
55,4#8,83
55,19#2,83
55,16#4,581
55,1#11,83
55,4#17,249
55,4#18,249
55,3#1,3901
55,11,166
55,1#2,166
55,1#1,83
55,15,166
55,19,1826
55,2#5,332
55,2#7,83
55,2#2,83
55,11#8,332
55,21#2,83
55,13#4,83
55,2#12,83
55,11#4,249
56,20#7,249
56,20#6,166
56,20#4,415
56,20#2,83
56,20#1,664
56,16#12,498
56,16#10,249
56,16#11,166
56,20#8,10956
56,24,83
56,22#5,166
56,19#3,913
56,25#9,166
56,20,2324
56,22,166
56,7,2241
56,6,166
56,24#1,664
56,11,83
56,4#17,166
56,15#3,83
56,4#2,1245
56,8#2,83
56,13#5,249
56,16#3,83
56,16#4,581
56,1#11,166
56,13#4,747
56,16#8,166
56,3#4,83
56,17#2,166
56,3#1,166
56,1#3,83
56,2#6,83
56,7#2,83
56,1#5,249
56,16,166
56,19,4233
56,2#5,83
56,1#9,83
56,2#2,415
56,6#1,83
56,11#8,1079
56,6#4,83
56,13#8,166
56,11#3,83
56,11#2,83
56,13#6,166
56,11#6,166
56,2#10,83
56,11#4,996
57,1#10,83
57,24,249
57,25,332
57,20,5312
57,22,664
57,23,166
57,4,1245
57,8,83
57,5#3,249
57,5#1,1245
57,8#2,1079
57,8#3,332
57,8#1,83
57,8#4,415
57,8#5,332
57,1#3,83
57,1#2,249
57,1#1,83
57,1#6,83
57,1#5,1660
57,1#8,166
57,14#10,332
57,7,4482
57,15#7,664
57,15#6,1162
57,15#4,166
57,15#3,3071
57,15#2,1494
57,4#9,415
57,4#6,166
57,4#5,581
57,4#2,1245
57,4#3,249
57,4#1,249
57,16#1,83
57,16#3,166
57,16#4,1245
57,17#2,2324
57,17#5,1826
57,17#4,83
57,11#8,12367
57,13#8,83
57,11#3,1162
57,13#4,5146
57,11#1,332
57,11#7,1162
57,11#6,3569
57,11#5,498
57,11#4,6142
57,19#3,5644
57,19#2,830
57,19#1,1328
57,19#4,249
57,14#6,166
57,14#7,498
57,14#2,166
57,14#3,166
57,6,4233
57,14#8,83
57,4#10,249
57,4#11,664
57,4#12,249
57,4#14,581
57,1#11,996
57,4#17,498
57,4#18,830
57,3#1,2490
57,3#3,166
57,11,3569
57,15,2573
57,14,166
57,17,581
57,16,3818
57,19,15936
57,6#1,664
57,6#2,332
57,2#12,2075
57,2#13,1079
57,2#10,830
57,2#11,83
57,20#7,4399
57,20#5,1328
57,20#4,2822
57,20#2,1660
57,20#1,3735
57,16#12,249
57,16#10,415
57,16#11,166
57,20#8,9628
57,23#1,332
57,23#2,83
57,23#5,83
57,23#6,83
57,22#3,249
57,22#2,1328
57,22#5,249
57,22#4,1411
57,22#6,83
57,25#8,415
57,25#9,1577
57,25#2,166
57,25#3,83
57,25#1,83
57,25#6,166
57,25#7,1411
57,1,83
57,24#3,83
57,24#2,747
57,24#1,5727
57,11#2,1245
57,2#4,83
57,2#5,664
57,2#6,830
57,2#7,581
57,2#1,166
57,2#2,2324
57,2#3,249
57,21#2,83
58,20#7,2075
58,20#5,249
58,20#4,747
58,20#2,415
58,20#1,3735
58,16#12,664
58,16#10,166
58,1#10,83
58,20#8,1245
58,14,249
58,11#7,83
58,23#5,249
58,5#3,332
58,22#2,415
58,22#5,83
58,22#4,415
58,15#2,498
58,19#3,1577
58,19#2,415
58,19#1,1328
58,25#9,913
58,20,1328
58,5#1,83
58,22,83
58,19#4,249
58,3#1,3901
58,8#4,83
58,25#7,166
58,1,249
58,14#7,166
58,4,498
58,7,1577
58,6,498
58,24#2,83
58,24#1,166
58,3#5,83
58,15#6,166
58,5#4,249
58,15#3,664
58,5#2,83
58,8#3,83
58,25,249
58,4#6,83
58,4#14,83
58,4#2,415
58,4#1,249
58,8#2,166
58,4#11,249
58,16#3,249
58,16#4,664
58,4#16,83
58,4#17,249
58,4#18,249
58,1#7,83
58,17#2,664
58,17#5,249
58,17#4,83
58,1#6,83
58,11,747
58,1#2,83
58,7#2,83
58,15,332
58,1#5,498
58,17,83
58,16,415
58,19,10541
58,2#5,166
58,2#6,83
58,1#8,249
58,14#10,83
58,2#2,83
58,11#8,2407
58,21#2,83
58,21#1,83
58,13#4,83
58,2#12,166
58,11#6,166
58,2#10,498
58,11#4,913
59,1#11,83
59,1#10,83
59,24,166
59,25,332
59,20,1826
59,22,332
59,4,581
59,5#3,83
59,5#1,166
59,8#2,166
59,8#3,166
59,8#4,498
59,1#3,83
59,1#2,166
59,1#6,83
59,1#5,747
59,1#8,1162
59,14#10,166
59,7,1494
59,15#7,498
59,15#6,249
59,15#4,83
59,15#3,1245
59,15#2,166
59,4#8,249
59,4#9,166
59,4#5,83
59,4#2,249
59,4#1,83
59,16#3,332
59,16#4,1494
59,17#2,332
59,17#5,332
59,17#4,83
59,11#8,2905
59,11#3,249
59,11#2,83
59,11#1,166
59,11#7,332
59,11#6,166
59,11#4,664
59,19#3,1494
59,19#2,83
59,19#1,913
59,14#2,83
59,6,1245
59,4#11,166
59,4#13,249
59,4#14,83
59,4#16,83
59,4#17,166
59,4#18,1079
59,3#1,2905
59,11,498
59,15,581
59,17,83
59,16,1162
59,19,5063
59,6#1,166
59,6#2,166
59,2#12,415
59,2#10,166
59,20#7,2075
59,20#5,249
59,20#4,913
59,20#2,415
59,20#1,1079
59,16#12,581
59,16#10,415
59,16#11,664
59,20#9,83
59,20#8,1743
59,23#3,83
59,23#5,249
59,22#2,332
59,22#5,415
59,22#4,83
59,25#9,996
59,25#7,332
59,1,415
59,24#2,249
59,24#1,2075
59,13#4,664
59,2#5,498
59,2#6,83
59,2#7,332
59,2#2,249
59,21#2,83
60,20#7,332
60,20#5,249
60,20#4,83
60,20#2,664
60,20#1,913
60,16#12,913
60,16#10,166
60,16#11,332
60,20#8,830
60,23#3,83
60,23#5,83
60,5#3,83
60,22#5,249
60,22#4,498
60,14#6,332
60,19#3,1079
60,25,83
60,19#1,913
60,25#9,249
60,20,332
60,19#4,166
60,23,166
60,25#7,249
60,1,83
60,4,166
60,7,1079
60,6,415
60,24#3,83
60,6#4,166
60,24#1,249
60,17#5,83
60,15#6,83
60,4#17,83
60,15#3,332
60,15#2,415
60,5#1,415
60,8#4,332
60,4#7,249
60,4#2,664
60,4#1,83
60,8#2,166
60,4#11,83
60,4#12,332
60,16#3,249
60,16#4,498
60,4#16,83
60,1#10,249
60,4#18,166
60,17#2,166
60,3#1,2324
60,1#6,249
60,11,83
60,1#2,83
60,15,415
60,14,249
60,1#5,166
60,16,498
60,19,6640
60,2#5,83
60,1#9,249
60,1#8,166
60,14#10,83
60,2#2,83
60,11#8,1162
60,21#2,581
60,2#10,83
60,21#1,83
60,13#4,166
60,19#2,83
60,11#5,83
60,11#4,249
61,1#11,415
61,4#17,166
61,25,498
61,20,4399
61,22,249
61,4,996
61,5#4,83
61,5#1,166
61,8#2,747
61,8#3,166
61,8#4,913
61,1#3,83
61,1#2,249
61,1#1,83
61,1#7,166
61,1#6,166
61,1#5,581
61,1#4,83
61,1#8,747
61,14#10,249
61,7,2324
61,15#7,249
61,15#6,996
61,15#3,1079
61,15#2,913
61,4#8,166
61,4#9,166
61,4#7,249
61,4#5,415
61,4#2,498
61,4#3,83
61,4#1,83
61,16#3,249
61,16#4,1162
61,17#1,83
61,17#2,830
61,17#5,664
61,17#4,166
61,11#8,3818
61,13#8,166
61,13#5,166
61,13#4,1660
61,11#1,747
61,13#6,166
61,11#7,166
61,11#6,1826
61,11#5,166
61,11#4,3154
61,16#8,332
61,19#3,2075
61,19#2,249
61,19#1,996
61,19#4,166
61,14#6,83
61,14#7,249
61,14#3,83
61,6,1909
61,14#8,83
61,14#9,166
61,4#10,166
61,4#11,83
61,4#13,83
61,4#14,332
61,4#16,166
61,1#10,332
61,4#18,166
61,3#1,1577
61,3#3,83
61,11,1411
61,15,1162
61,14,830
61,17,249
61,16,3071
61,19,9213
61,6#1,249
61,6#2,166
61,6#4,83
61,2#12,249
61,2#10,332
61,20#7,5644
61,20#5,415
61,20#4,1577
61,20#2,581
61,20#1,1245
61,16#12,581
61,16#10,996
61,16#11,332
61,20#8,11039
61,23#5,166
61,22#2,166
61,22#4,166
61,25#8,664
61,25#9,1245
61,25#6,83
61,25#7,747
61,1,913
61,24#3,83
61,24#2,83
61,24#1,913
61,11#3,664
61,11#2,249
61,2#4,83
61,2#5,166
61,2#6,166
61,2#7,166
62,25,83
62,19#1,166
62,7#2,83
62,15,83
62,8#4,83
62,19,581
62,25#7,83
62,13#6,166
62,14#6,83
62,16#8,166
62,16#3,83
62,16#4,83
62,7,166
62,4#17,83
62,13#5,166
62,13#4,83
62,25#9,83
62,3#1,498
62,2#10,83
62,1#6,83
63,20#7,14774
63,20#5,498
63,20#4,1992
63,20#2,415
63,20#1,1909
63,16#12,664
63,16#10,166
63,4#17,83
63,20#8,9296
63,23#2,83
63,23#5,415
63,1,83
63,22#2,249
63,22#5,83
63,22#4,415
63,23,166
63,19#3,1328
63,25,415
63,19#1,1328
63,25#9,747
63,20,2656
63,5#1,166
63,22,332
63,19#4,249
63,17#5,581
63,25#7,581
63,14#6,83
63,1#7,83
63,16#4,415
63,4,332
63,7,2075
63,6,498
63,24#1,415
63,15#7,249
63,15#6,1079
63,15#4,83
63,15#3,1411
63,15#2,332
63,4#8,249
63,4#9,83
63,4#6,83
63,4#16,166
63,4#5,249
63,4#2,581
63,25#8,83
63,8#2,664
63,4#11,166
63,16#3,166
63,4#14,498
63,8#4,913
63,24,83
63,4#18,830
63,8#3,83
63,2#7,83
63,17#2,913
63,3#1,1992
63,3#3,83
63,14,83
63,11,83
63,1#2,83
63,7#2,249
63,15,498
63,17,249
63,1#5,415
63,1#4,83
63,19,11205
63,2#5,249
63,16,747
63,2#1,83
63,2#2,166
63,2#3,83
63,4#10,83
63,6#1,83
63,1#11,332
63,11#8,1411
63,13#4,415
63,21#1,83
63,11#2,83
63,11#1,83
63,2#12,83
63,11#6,581
63,2#10,332
63,11#4,1162
64,4#16,249
64,24,249
64,25,1162
64,20,19422
64,22,1245
64,23,332
64,4,2407
64,5#3,166
64,5#1,747
64,8#2,2241
64,8#3,747
64,8#1,166
64,8#4,2075
64,1#2,581
64,1#1,249
64,1#6,166
64,1#5,3652
64,1#4,83
64,1#9,166
64,1#8,1162
64,4#8,415
64,7,3984
64,15#7,415
64,15#6,1577
64,15#4,249
64,15#3,4233
64,15#2,2158
64,15#1,83
64,4#9,664
64,4#6,581
64,4#7,249
64,4#5,1494
64,4#2,249
64,4#3,498
64,4#1,332
64,16#1,83
64,16#2,83
64,16#3,332
64,17#3,83
64,17#2,3154
64,17#5,2822
64,17#4,498
64,11#8,13031
64,13#8,166
64,11#3,1328
64,11#2,581
64,11#1,332
64,11#7,581
64,11#6,2822
64,11#5,332
64,11#4,8632
64,19#3,6806
64,19#2,249
64,19#1,1909
64,19#4,166
64,14#6,166
64,14#7,332
64,14#2,166
64,14#3,332
64,6,9213
64,14#8,83
64,4#10,415
64,4#11,996
64,4#13,747
64,4#14,1079
64,1#11,1660
64,4#17,747
64,4#18,664
64,3#1,1079
64,3#3,166
64,3#2,83
64,11,2656
64,15,1494
64,14,498
64,17,1162
64,16,4814
64,19,13031
64,6#1,415
64,6#2,83
64,2#12,830
64,2#13,83
64,2#10,664
64,20#7,10043
64,20#6,249
64,20#5,1328
64,20#4,4399
64,20#2,1245
64,20#1,1494
64,16#12,415
64,16#10,1992
64,16#11,83
64,20#8,24485
64,23#1,83
64,23#4,83
64,23#5,83
64,22#1,332
64,22#3,166
64,22#2,664
64,22#5,249
64,22#4,415
64,22#6,83
64,25#8,913
64,25#9,2075
64,25#3,166
64,25#6,249
64,25#7,1245
64,25#4,83
64,1,747
64,5,83
64,24#3,83
64,24#2,1328
64,24#1,5478
64,13#4,6391
64,2#5,332
64,2#6,332
64,2#7,581
64,2#1,83
64,2#2,1660
64,2#3,83
64,21#2,83
65,4#16,249
65,24,83
65,25,581
65,20,2241
65,22,747
65,23,83
65,4,913
65,5#1,83
65,8#2,498
65,8#3,83
65,8#4,747
65,1#2,83
65,1#1,83
65,1#5,415
65,1#8,332
65,4#8,249
65,7,5229
65,15#7,581
65,15#6,415
65,15#4,249
65,15#3,2158
65,15#2,498
65,15#1,83
65,4#9,83
65,4#7,166
65,4#5,249
65,4#2,1162
65,4#1,166
65,16#2,83
65,16#3,830
65,16#4,1577
65,16#6,83
65,16#8,166
65,17#2,1079
65,17#5,415
65,7#2,249
65,11#8,3984
65,13#5,415
65,13#4,664
65,13#6,83
65,11#7,83
65,11#6,166
65,11#4,1411
65,19#3,2324
65,19#2,996
65,19#1,1743
65,19#4,332
65,14#6,415
65,14#2,83
65,14#3,332
65,6,830
65,4#10,166
65,4#11,83
65,4#14,415
65,1#11,249
65,4#17,249
65,4#18,1245
65,3#1,2573
65,15,1245
65,14,83
65,16,2490
65,19,20252
65,6#2,166
65,2#10,249
65,20#7,5478
65,20#5,830
65,20#4,581
65,20#2,581
65,20#1,4648
65,16#12,2075
65,16#10,249
65,16#11,83
65,20#8,3320
65,23#5,166
65,22#3,83
65,22#2,249
65,22#5,1328
65,22#4,996
65,25#8,166
65,25#9,1245
65,25#7,1079
65,1,166
65,24#2,83
65,24#1,332
65,2#5,498
65,2#6,166
65,2#7,83
65,2#2,249
65,21#2,83
65,21#1,83
66,4#16,249
66,3#5,83
66,24,166
66,25,415
66,20,4731
66,22,332
66,23,166
66,4,1743
66,8,83
66,5#3,664
66,5#1,830
66,8#2,1660
66,8#3,1328
66,8#4,1162
66,8#5,249
66,1#3,249
66,1#2,913
66,1#1,166
66,1#7,83
66,1#6,83
66,1#5,1494
66,1#4,166
66,1#9,83
66,1#8,1411
66,14#10,166
66,4#8,166
66,7,3237
66,15#7,415
66,15#6,2656
66,15#4,166
66,15#3,5478
66,15#2,2075
66,15#1,83
66,4#6,83
66,4#7,415
66,4#4,249
66,4#5,747
66,4#2,166
66,4#3,166
66,4#1,249
66,16#2,249
66,16#3,83
66,17#2,1245
66,17#5,1494
66,11#8,15189
66,13#8,332
66,11#3,498
66,13#4,2573
66,11#1,830
66,11#7,332
66,11#6,1411
66,11#5,166
66,11#4,2324
66,19#3,4316
66,19#2,83
66,19#1,498
66,15#8,83
66,14#6,166
66,14#7,1328
66,14#3,913
66,6,5229
66,14#8,83
66,14#9,581
66,4#10,83
66,4#11,415
66,4#12,83
66,4#13,332
66,4#14,664
66,1#11,249
66,4#17,1245
66,4#18,664
66,3#1,664
66,3#2,83
66,11,1826
66,15,2324
66,14,747
66,17,83
66,16,1743
66,19,10043
66,6#1,498
66,6#2,415
66,6#4,498
66,2#12,581
66,2#13,83
66,2#10,332
66,2#11,83
66,20#7,3486
66,20#6,83
66,20#5,1328
66,20#4,1494
66,20#2,2656
66,20#1,2241
66,16#10,2988
66,16#11,83
66,20#8,11703
66,23#1,332
66,23#2,83
66,23#3,415
66,23#5,332
66,23#6,249
66,22#1,747
66,22#3,249
66,22#2,581
66,22#5,83
66,22#4,166
66,25#8,498
66,25#9,1577
66,25#6,332
66,25#7,747
66,25#5,83
66,1,830
66,5,166
66,24#2,415
66,24#1,2573
66,11#2,581
66,2#8,83
66,2#5,332
66,2#6,747
66,2#7,166
66,2#1,166
66,2#2,830
66,2#3,166
66,21#4,498
66,21#2,83
